,image_id,Male,Bald
78,000079.jpg,1,1
114,000115.jpg,1,1
133,000134.jpg,1,1
181,000182.jpg,1,1
225,000226.jpg,1,1
298,000299.jpg,1,1
385,000386.jpg,1,1
401,000402.jpg,1,1
424,000425.jpg,1,1
622,000623.jpg,1,1
728,000729.jpg,1,1
901,000902.jpg,1,1
904,000905.jpg,1,1
906,000907.jpg,1,1
925,000926.jpg,1,1
937,000938.jpg,1,1
1071,001072.jpg,1,1
1099,001100.jpg,1,1
1104,001105.jpg,1,1
1116,001117.jpg,1,1
1148,001149.jpg,1,1
1191,001192.jpg,1,1
1206,001207.jpg,1,1
1207,001208.jpg,1,1
1321,001322.jpg,1,1
1367,001368.jpg,1,1
1382,001383.jpg,1,1
1397,001398.jpg,1,1
1399,001400.jpg,1,1
1470,001471.jpg,1,1
1518,001519.jpg,1,1
1655,001656.jpg,1,1
1668,001669.jpg,1,1
1683,001684.jpg,1,1
1705,001706.jpg,1,1
1765,001766.jpg,1,1
1916,001917.jpg,1,1
1923,001924.jpg,1,1
1998,001999.jpg,1,1
2003,002004.jpg,1,1
2029,002030.jpg,1,1
2080,002081.jpg,1,1
2275,002276.jpg,1,1
2304,002305.jpg,1,1
2358,002359.jpg,1,1
2362,002363.jpg,1,1
2515,002516.jpg,1,1
2527,002528.jpg,1,1
2672,002673.jpg,1,1
2722,002723.jpg,1,1
2743,002744.jpg,1,1
2771,002772.jpg,1,1
2827,002828.jpg,1,1
2873,002874.jpg,1,1
2934,002935.jpg,1,1
2959,002960.jpg,1,1
2960,002961.jpg,1,1
2979,002980.jpg,1,1
3026,003027.jpg,1,1
3316,003317.jpg,1,1
3383,003384.jpg,1,1
3453,003454.jpg,1,1
3510,003511.jpg,1,1
3526,003527.jpg,1,1
3575,003576.jpg,1,1
3643,003644.jpg,1,1
3677,003678.jpg,1,1
4022,004023.jpg,1,1
4057,004058.jpg,1,1
4108,004109.jpg,1,1
4190,004191.jpg,1,1
4248,004249.jpg,1,1
4249,004250.jpg,1,1
4316,004317.jpg,1,1
4329,004330.jpg,1,1
4381,004382.jpg,1,1
4448,004449.jpg,1,1
4454,004455.jpg,1,1
4491,004492.jpg,1,1
4610,004611.jpg,1,1
4811,004812.jpg,1,1
4851,004852.jpg,1,1
4975,004976.jpg,1,1
5001,005002.jpg,1,1
5011,005012.jpg,1,1
5025,005026.jpg,1,1
5041,005042.jpg,1,1
5076,005077.jpg,1,1
5139,005140.jpg,1,1
5145,005146.jpg,1,1
5157,005158.jpg,1,1
5162,005163.jpg,1,1
5164,005165.jpg,1,1
5199,005200.jpg,1,1
5294,005295.jpg,1,1
5317,005318.jpg,1,1
5352,005353.jpg,1,1
5590,005591.jpg,1,1
5701,005702.jpg,1,1
5720,005721.jpg,1,1
5725,005726.jpg,1,1
5730,005731.jpg,1,1
5788,005789.jpg,1,1
5838,005839.jpg,1,1
5958,005959.jpg,1,1
6037,006038.jpg,1,1
6173,006174.jpg,1,1
6211,006212.jpg,1,1
6218,006219.jpg,1,1
6241,006242.jpg,1,1
6299,006300.jpg,1,1
6341,006342.jpg,1,1
6388,006389.jpg,1,1
6390,006391.jpg,1,1
6493,006494.jpg,1,1
6554,006555.jpg,1,1
6602,006603.jpg,1,1
6645,006646.jpg,1,1
6669,006670.jpg,1,1
6672,006673.jpg,1,1
6710,006711.jpg,1,1
6878,006879.jpg,1,1
6941,006942.jpg,1,1
6965,006966.jpg,1,1
7050,007051.jpg,1,1
7151,007152.jpg,1,1
7386,007387.jpg,1,1
7398,007399.jpg,1,1
7400,007401.jpg,1,1
7426,007427.jpg,1,1
7431,007432.jpg,1,1
7571,007572.jpg,1,1
7593,007594.jpg,1,1
7717,007718.jpg,1,1
7723,007724.jpg,1,1
7728,007729.jpg,1,1
7768,007769.jpg,1,1
7771,007772.jpg,1,1
7786,007787.jpg,1,1
7999,008000.jpg,1,1
8024,008025.jpg,1,1
8082,008083.jpg,1,1
8188,008189.jpg,1,1
8195,008196.jpg,1,1
8224,008225.jpg,1,1
8302,008303.jpg,1,1
8360,008361.jpg,1,1
8488,008489.jpg,1,1
8507,008508.jpg,1,1
8547,008548.jpg,1,1
8570,008571.jpg,1,1
8606,008607.jpg,1,1
8643,008644.jpg,1,1
8665,008666.jpg,1,1
8694,008695.jpg,1,1
8732,008733.jpg,1,1
8764,008765.jpg,1,1
8780,008781.jpg,1,1
8854,008855.jpg,1,1
9244,009245.jpg,1,1
9289,009290.jpg,1,1
9349,009350.jpg,1,1
9350,009351.jpg,1,1
9356,009357.jpg,1,1
9402,009403.jpg,1,1
9469,009470.jpg,1,1
9496,009497.jpg,1,1
9591,009592.jpg,1,1
9594,009595.jpg,1,1
9617,009618.jpg,1,1
9627,009628.jpg,1,1
9695,009696.jpg,1,1
9699,009700.jpg,1,1
9706,009707.jpg,1,1
9741,009742.jpg,1,1
9792,009793.jpg,1,1
9920,009921.jpg,1,1
9949,009950.jpg,1,1
9972,009973.jpg,1,1
10006,010007.jpg,1,1
10185,010186.jpg,1,1
10211,010212.jpg,1,1
10212,010213.jpg,1,1
10265,010266.jpg,1,1
10391,010392.jpg,1,1
10411,010412.jpg,1,1
10580,010581.jpg,1,1
10637,010638.jpg,1,1
10645,010646.jpg,1,1
10653,010654.jpg,1,1
10752,010753.jpg,1,1
10784,010785.jpg,1,1
10882,010883.jpg,1,1
10914,010915.jpg,1,1
10928,010929.jpg,1,1
11169,011170.jpg,1,1
11207,011208.jpg,1,1
11296,011297.jpg,1,1
11477,011478.jpg,1,1
11489,011490.jpg,1,1
11580,011581.jpg,1,1
11613,011614.jpg,1,1
11663,011664.jpg,1,1
11668,011669.jpg,1,1
11684,011685.jpg,1,1
11999,012000.jpg,1,1
12006,012007.jpg,1,1
12012,012013.jpg,1,1
12030,012031.jpg,1,1
12064,012065.jpg,1,1
12113,012114.jpg,1,1
12192,012193.jpg,1,1
12212,012213.jpg,1,1
12288,012289.jpg,1,1
12406,012407.jpg,1,1
12412,012413.jpg,1,1
12422,012423.jpg,1,1
12443,012444.jpg,1,1
12482,012483.jpg,1,1
12553,012554.jpg,1,1
12601,012602.jpg,1,1
12636,012637.jpg,1,1
12660,012661.jpg,1,1
12722,012723.jpg,1,1
12747,012748.jpg,1,1
12768,012769.jpg,1,1
12777,012778.jpg,1,1
12789,012790.jpg,1,1
12903,012904.jpg,1,1
12928,012929.jpg,1,1
12976,012977.jpg,1,1
13032,013033.jpg,1,1
13205,013206.jpg,1,1
13237,013238.jpg,1,1
13256,013257.jpg,1,1
13337,013338.jpg,1,1
13403,013404.jpg,1,1
13443,013444.jpg,1,1
13451,013452.jpg,1,1
13509,013510.jpg,1,1
13552,013553.jpg,1,1
13585,013586.jpg,1,1
13711,013712.jpg,1,1
13738,013739.jpg,1,1
13825,013826.jpg,1,1
13865,013866.jpg,1,1
13868,013869.jpg,1,1
13984,013985.jpg,1,1
14067,014068.jpg,1,1
14189,014190.jpg,1,1
14251,014252.jpg,1,1
14293,014294.jpg,1,1
14306,014307.jpg,1,1
14497,014498.jpg,1,1
14578,014579.jpg,1,1
14586,014587.jpg,1,1
14625,014626.jpg,1,1
14897,014898.jpg,1,1
14904,014905.jpg,1,1
14916,014917.jpg,1,1
14935,014936.jpg,1,1
14940,014941.jpg,1,1
14953,014954.jpg,1,1
14962,014963.jpg,1,1
15081,015082.jpg,1,1
15138,015139.jpg,1,1
15187,015188.jpg,1,1
15245,015246.jpg,1,1
15264,015265.jpg,1,1
15346,015347.jpg,1,1
15389,015390.jpg,1,1
15423,015424.jpg,1,1
15502,015503.jpg,1,1
15570,015571.jpg,1,1
15572,015573.jpg,1,1
15634,015635.jpg,1,1
15696,015697.jpg,1,1
15713,015714.jpg,1,1
15733,015734.jpg,1,1
15980,015981.jpg,1,1
15981,015982.jpg,1,1
16040,016041.jpg,1,1
16092,016093.jpg,1,1
16167,016168.jpg,1,1
16211,016212.jpg,1,1
16219,016220.jpg,1,1
16313,016314.jpg,1,1
16327,016328.jpg,1,1
16345,016346.jpg,1,1
16390,016391.jpg,1,1
16425,016426.jpg,1,1
16426,016427.jpg,1,1
16568,016569.jpg,1,1
16620,016621.jpg,1,1
16676,016677.jpg,1,1
16730,016731.jpg,1,1
16904,016905.jpg,1,1
16911,016912.jpg,1,1
16928,016929.jpg,1,1
16977,016978.jpg,1,1
17103,017104.jpg,1,1
17116,017117.jpg,1,1
17130,017131.jpg,1,1
17187,017188.jpg,1,1
17362,017363.jpg,1,1
17379,017380.jpg,1,1
17413,017414.jpg,1,1
17482,017483.jpg,1,1
17596,017597.jpg,1,1
17651,017652.jpg,1,1
17667,017668.jpg,1,1
17835,017836.jpg,1,1
17955,017956.jpg,1,1
18144,018145.jpg,1,1
18193,018194.jpg,1,1
18271,018272.jpg,1,1
18274,018275.jpg,1,1
18329,018330.jpg,1,1
18492,018493.jpg,1,1
18506,018507.jpg,1,1
18509,018510.jpg,1,1
18784,018785.jpg,1,1
18889,018890.jpg,1,1
18923,018924.jpg,1,1
19120,019121.jpg,1,1
19148,019149.jpg,1,1
19170,019171.jpg,1,1
19200,019201.jpg,1,1
19249,019250.jpg,1,1
19256,019257.jpg,1,1
19392,019393.jpg,1,1
19414,019415.jpg,1,1
19436,019437.jpg,1,1
19509,019510.jpg,1,1
19546,019547.jpg,1,1
19665,019666.jpg,1,1
19779,019780.jpg,1,1
19970,019971.jpg,1,1
20001,020002.jpg,1,1
20036,020037.jpg,1,1
20148,020149.jpg,1,1
20172,020173.jpg,1,1
20211,020212.jpg,1,1
20221,020222.jpg,1,1
20222,020223.jpg,1,1
20348,020349.jpg,1,1
20355,020356.jpg,1,1
20376,020377.jpg,1,1
20431,020432.jpg,1,1
20469,020470.jpg,1,1
20477,020478.jpg,1,1
20543,020544.jpg,1,1
20552,020553.jpg,1,1
20618,020619.jpg,1,1
20674,020675.jpg,1,1
20740,020741.jpg,1,1
20837,020838.jpg,1,1
20934,020935.jpg,1,1
21022,021023.jpg,1,1
21044,021045.jpg,1,1
21082,021083.jpg,1,1
21131,021132.jpg,1,1
21141,021142.jpg,1,1
21160,021161.jpg,1,1
21310,021311.jpg,1,1
21318,021319.jpg,1,1
21319,021320.jpg,1,1
21332,021333.jpg,1,1
21348,021349.jpg,1,1
21352,021353.jpg,1,1
21361,021362.jpg,1,1
21461,021462.jpg,1,1
21466,021467.jpg,1,1
21560,021561.jpg,1,1
21597,021598.jpg,1,1
21684,021685.jpg,1,1
21745,021746.jpg,1,1
21870,021871.jpg,1,1
21974,021975.jpg,1,1
22164,022165.jpg,1,1
22182,022183.jpg,1,1
22368,022369.jpg,1,1
22461,022462.jpg,1,1
22467,022468.jpg,1,1
22516,022517.jpg,1,1
22590,022591.jpg,1,1
22629,022630.jpg,1,1
22678,022679.jpg,1,1
22733,022734.jpg,1,1
22756,022757.jpg,1,1
22935,022936.jpg,1,1
22945,022946.jpg,1,1
22953,022954.jpg,1,1
22961,022962.jpg,1,1
23024,023025.jpg,1,1
23055,023056.jpg,1,1
23096,023097.jpg,1,1
23116,023117.jpg,1,1
23168,023169.jpg,1,1
23180,023181.jpg,1,1
23215,023216.jpg,1,1
23283,023284.jpg,1,1
23317,023318.jpg,1,1
23452,023453.jpg,1,1
23470,023471.jpg,1,1
23644,023645.jpg,1,1
23674,023675.jpg,1,1
23702,023703.jpg,1,1
23728,023729.jpg,1,1
23785,023786.jpg,1,1
23793,023794.jpg,1,1
23814,023815.jpg,1,1
24033,024034.jpg,1,1
24035,024036.jpg,1,1
24078,024079.jpg,1,1
24232,024233.jpg,1,1
24427,024428.jpg,1,1
24436,024437.jpg,1,1
24469,024470.jpg,1,1
24501,024502.jpg,1,1
24545,024546.jpg,1,1
24605,024606.jpg,1,1
24676,024677.jpg,1,1
24725,024726.jpg,1,1
24740,024741.jpg,1,1
24937,024938.jpg,1,1
24959,024960.jpg,1,1
24964,024965.jpg,1,1
25020,025021.jpg,1,1
25081,025082.jpg,1,1
25170,025171.jpg,1,1
25206,025207.jpg,1,1
25248,025249.jpg,1,1
25345,025346.jpg,1,1
25354,025355.jpg,1,1
25452,025453.jpg,1,1
25478,025479.jpg,1,1
25516,025517.jpg,1,1
25589,025590.jpg,1,1
25624,025625.jpg,1,1
25704,025705.jpg,1,1
25814,025815.jpg,1,1
25897,025898.jpg,1,1
25898,025899.jpg,1,1
25923,025924.jpg,1,1
25967,025968.jpg,1,1
26010,026011.jpg,1,1
26026,026027.jpg,1,1
26062,026063.jpg,1,1
26190,026191.jpg,1,1
26219,026220.jpg,1,1
26251,026252.jpg,1,1
26257,026258.jpg,1,1
26420,026421.jpg,1,1
26510,026511.jpg,1,1
26574,026575.jpg,1,1
26826,026827.jpg,1,1
26910,026911.jpg,1,1
26928,026929.jpg,1,1
27087,027088.jpg,1,1
27130,027131.jpg,1,1
27131,027132.jpg,1,1
27164,027165.jpg,1,1
27463,027464.jpg,1,1
27537,027538.jpg,1,1
27560,027561.jpg,1,1
27563,027564.jpg,1,1
27639,027640.jpg,1,1
27804,027805.jpg,1,1
27896,027897.jpg,1,1
27925,027926.jpg,1,1
28062,028063.jpg,1,1
28209,028210.jpg,1,1
28219,028220.jpg,1,1
28332,028333.jpg,1,1
28352,028353.jpg,1,1
28353,028354.jpg,1,1
28442,028443.jpg,1,1
28481,028482.jpg,1,1
28519,028520.jpg,1,1
28609,028610.jpg,1,1
28610,028611.jpg,1,1
28636,028637.jpg,1,1
28666,028667.jpg,1,1
28677,028678.jpg,1,1
28723,028724.jpg,1,1
28831,028832.jpg,1,1
28898,028899.jpg,1,1
28923,028924.jpg,1,1
28937,028938.jpg,1,1
28945,028946.jpg,1,1
29102,029103.jpg,1,1
29109,029110.jpg,1,1
29210,029211.jpg,1,1
29270,029271.jpg,1,1
29352,029353.jpg,1,1
29475,029476.jpg,1,1
29498,029499.jpg,1,1
29535,029536.jpg,1,1
29555,029556.jpg,1,1
29621,029622.jpg,1,1
29637,029638.jpg,1,1
29646,029647.jpg,1,1
29682,029683.jpg,1,1
29684,029685.jpg,1,1
29710,029711.jpg,1,1
29882,029883.jpg,1,1
29922,029923.jpg,1,1
30077,030078.jpg,1,1
30428,030429.jpg,1,1
30621,030622.jpg,1,1
30703,030704.jpg,1,1
30717,030718.jpg,1,1
30733,030734.jpg,1,1
30826,030827.jpg,1,1
30887,030888.jpg,1,1
31001,031002.jpg,1,1
31033,031034.jpg,1,1
31136,031137.jpg,1,1
31246,031247.jpg,1,1
31269,031270.jpg,1,1
31274,031275.jpg,1,1
31467,031468.jpg,1,1
31494,031495.jpg,1,1
31530,031531.jpg,1,1
31579,031580.jpg,1,1
31615,031616.jpg,1,1
31625,031626.jpg,1,1
31629,031630.jpg,1,1
31635,031636.jpg,1,1
31650,031651.jpg,1,1
31684,031685.jpg,1,1
31810,031811.jpg,1,1
31953,031954.jpg,1,1
31979,031980.jpg,1,1
32057,032058.jpg,1,1
32163,032164.jpg,1,1
32188,032189.jpg,1,1
32303,032304.jpg,1,1
32337,032338.jpg,1,1
32359,032360.jpg,1,1
32447,032448.jpg,1,1
32661,032662.jpg,1,1
32835,032836.jpg,1,1
32875,032876.jpg,1,1
33222,033223.jpg,1,1
33277,033278.jpg,1,1
33302,033303.jpg,1,1
33359,033360.jpg,1,1
33533,033534.jpg,1,1
33641,033642.jpg,1,1
33686,033687.jpg,1,1
33699,033700.jpg,1,1
33706,033707.jpg,1,1
33717,033718.jpg,1,1
33745,033746.jpg,1,1
33815,033816.jpg,1,1
33944,033945.jpg,1,1
34010,034011.jpg,1,1
34021,034022.jpg,1,1
34064,034065.jpg,1,1
34088,034089.jpg,1,1
34097,034098.jpg,1,1
34413,034414.jpg,1,1
34418,034419.jpg,1,1
34528,034529.jpg,1,1
34534,034535.jpg,1,1
34542,034543.jpg,1,1
34558,034559.jpg,1,1
34589,034590.jpg,1,1
34648,034649.jpg,1,1
34656,034657.jpg,1,1
34689,034690.jpg,1,1
34793,034794.jpg,1,1
34813,034814.jpg,1,1
34850,034851.jpg,1,1
34888,034889.jpg,1,1
34928,034929.jpg,1,1
35083,035084.jpg,1,1
35114,035115.jpg,1,1
35131,035132.jpg,1,1
35150,035151.jpg,1,1
35192,035193.jpg,1,1
35257,035258.jpg,1,1
35263,035264.jpg,1,1
35272,035273.jpg,1,1
35281,035282.jpg,1,1
35409,035410.jpg,1,1
35491,035492.jpg,1,1
35584,035585.jpg,1,1
35667,035668.jpg,1,1
35671,035672.jpg,1,1
35765,035766.jpg,1,1
35781,035782.jpg,1,1
35946,035947.jpg,1,1
36054,036055.jpg,1,1
36093,036094.jpg,1,1
36167,036168.jpg,1,1
36173,036174.jpg,1,1
36204,036205.jpg,1,1
36256,036257.jpg,1,1
36296,036297.jpg,1,1
36325,036326.jpg,1,1
36396,036397.jpg,1,1
36404,036405.jpg,1,1
36499,036500.jpg,1,1
36553,036554.jpg,1,1
36604,036605.jpg,1,1
36731,036732.jpg,1,1
36776,036777.jpg,1,1
36778,036779.jpg,1,1
36868,036869.jpg,1,1
36900,036901.jpg,1,1
36906,036907.jpg,1,1
36926,036927.jpg,1,1
36939,036940.jpg,1,1
36948,036949.jpg,1,1
37090,037091.jpg,1,1
37210,037211.jpg,1,1
37256,037257.jpg,1,1
37307,037308.jpg,1,1
37342,037343.jpg,1,1
37419,037420.jpg,1,1
37441,037442.jpg,1,1
37456,037457.jpg,1,1
37468,037469.jpg,1,1
37476,037477.jpg,1,1
37508,037509.jpg,1,1
37612,037613.jpg,1,1
37799,037800.jpg,1,1
38049,038050.jpg,1,1
38060,038061.jpg,1,1
38072,038073.jpg,1,1
38080,038081.jpg,1,1
38175,038176.jpg,1,1
38226,038227.jpg,1,1
38323,038324.jpg,1,1
38334,038335.jpg,1,1
38401,038402.jpg,1,1
38410,038411.jpg,1,1
38434,038435.jpg,1,1
38500,038501.jpg,1,1
38663,038664.jpg,1,1
38784,038785.jpg,1,1
38847,038848.jpg,1,1
38868,038869.jpg,1,1
38911,038912.jpg,1,1
38952,038953.jpg,1,1
38959,038960.jpg,1,1
38996,038997.jpg,1,1
38999,039000.jpg,1,1
39009,039010.jpg,1,1
39017,039018.jpg,1,1
39018,039019.jpg,1,1
39071,039072.jpg,1,1
39079,039080.jpg,1,1
39160,039161.jpg,1,1
39267,039268.jpg,1,1
39385,039386.jpg,1,1
39401,039402.jpg,1,1
39402,039403.jpg,1,1
39470,039471.jpg,1,1
39518,039519.jpg,1,1
39534,039535.jpg,1,1
39568,039569.jpg,1,1
39614,039615.jpg,1,1
39642,039643.jpg,1,1
39696,039697.jpg,1,1
39712,039713.jpg,1,1
39722,039723.jpg,1,1
39859,039860.jpg,1,1
39862,039863.jpg,1,1
39869,039870.jpg,1,1
40053,040054.jpg,1,1
40099,040100.jpg,1,1
40100,040101.jpg,1,1
40250,040251.jpg,1,1
40326,040327.jpg,1,1
40352,040353.jpg,1,1
40415,040416.jpg,1,1
40565,040566.jpg,1,1
40594,040595.jpg,1,1
40615,040616.jpg,1,1
40791,040792.jpg,1,1
40850,040851.jpg,1,1
40921,040922.jpg,1,1
40951,040952.jpg,1,1
40961,040962.jpg,1,1
40963,040964.jpg,1,1
40987,040988.jpg,1,1
40998,040999.jpg,1,1
41178,041179.jpg,1,1
41195,041196.jpg,1,1
41236,041237.jpg,1,1
41291,041292.jpg,1,1
41487,041488.jpg,1,1
41590,041591.jpg,1,1
41809,041810.jpg,1,1
41854,041855.jpg,1,1
41948,041949.jpg,1,1
41969,041970.jpg,1,1
42074,042075.jpg,1,1
42203,042204.jpg,1,1
42204,042205.jpg,1,1
42274,042275.jpg,1,1
42297,042298.jpg,1,1
42338,042339.jpg,1,1
42490,042491.jpg,1,1
42565,042566.jpg,1,1
42646,042647.jpg,1,1
42749,042750.jpg,1,1
42824,042825.jpg,1,1
42967,042968.jpg,1,1
42984,042985.jpg,1,1
43109,043110.jpg,1,1
43118,043119.jpg,1,1
43299,043300.jpg,1,1
43335,043336.jpg,1,1
43339,043340.jpg,1,1
43358,043359.jpg,1,1
43376,043377.jpg,1,1
43418,043419.jpg,1,1
43428,043429.jpg,1,1
43618,043619.jpg,1,1
43619,043620.jpg,1,1
43895,043896.jpg,1,1
43909,043910.jpg,1,1
44030,044031.jpg,1,1
44104,044105.jpg,1,1
44150,044151.jpg,1,1
44207,044208.jpg,1,1
44298,044299.jpg,1,1
44310,044311.jpg,1,1
44358,044359.jpg,1,1
44392,044393.jpg,1,1
44413,044414.jpg,1,1
44532,044533.jpg,1,1
44538,044539.jpg,1,1
44572,044573.jpg,1,1
44612,044613.jpg,1,1
44616,044617.jpg,1,1
44642,044643.jpg,1,1
44765,044766.jpg,1,1
44804,044805.jpg,1,1
44916,044917.jpg,1,1
44954,044955.jpg,1,1
45044,045045.jpg,1,1
45142,045143.jpg,1,1
45147,045148.jpg,1,1
45162,045163.jpg,1,1
45229,045230.jpg,1,1
45354,045355.jpg,1,1
45363,045364.jpg,1,1
45402,045403.jpg,1,1
45502,045503.jpg,1,1
45585,045586.jpg,1,1
45609,045610.jpg,1,1
45743,045744.jpg,1,1
45774,045775.jpg,1,1
45807,045808.jpg,1,1
45817,045818.jpg,1,1
45846,045847.jpg,1,1
45895,045896.jpg,1,1
45935,045936.jpg,1,1
46226,046227.jpg,1,1
46245,046246.jpg,1,1
46290,046291.jpg,1,1
46344,046345.jpg,1,1
46400,046401.jpg,1,1
46425,046426.jpg,1,1
46431,046432.jpg,1,1
46440,046441.jpg,1,1
46514,046515.jpg,1,1
46567,046568.jpg,1,1
46597,046598.jpg,1,1
46598,046599.jpg,1,1
46625,046626.jpg,1,1
46755,046756.jpg,1,1
46825,046826.jpg,1,1
46893,046894.jpg,1,1
47021,047022.jpg,1,1
47026,047027.jpg,1,1
47046,047047.jpg,1,1
47129,047130.jpg,1,1
47181,047182.jpg,1,1
47214,047215.jpg,1,1
47215,047216.jpg,1,1
47226,047227.jpg,1,1
47300,047301.jpg,1,1
47367,047368.jpg,1,1
47402,047403.jpg,1,1
47494,047495.jpg,1,1
47574,047575.jpg,1,1
47615,047616.jpg,1,1
47634,047635.jpg,1,1
47703,047704.jpg,1,1
47776,047777.jpg,1,1
47785,047786.jpg,1,1
47853,047854.jpg,1,1
47875,047876.jpg,1,1
47959,047960.jpg,1,1
47981,047982.jpg,1,1
48009,048010.jpg,1,1
48130,048131.jpg,1,1
48177,048178.jpg,1,1
48224,048225.jpg,1,1
48236,048237.jpg,1,1
48464,048465.jpg,1,1
48576,048577.jpg,1,1
48632,048633.jpg,1,1
48742,048743.jpg,1,1
48772,048773.jpg,1,1
48905,048906.jpg,1,1
48906,048907.jpg,1,1
48953,048954.jpg,1,1
48991,048992.jpg,1,1
49084,049085.jpg,1,1
49106,049107.jpg,1,1
49155,049156.jpg,1,1
49222,049223.jpg,1,1
49258,049259.jpg,1,1
49299,049300.jpg,1,1
49341,049342.jpg,1,1
49587,049588.jpg,1,1
49593,049594.jpg,1,1
49623,049624.jpg,1,1
49653,049654.jpg,1,1
49656,049657.jpg,1,1
49741,049742.jpg,1,1
49755,049756.jpg,1,1
49867,049868.jpg,1,1
49870,049871.jpg,1,1
50040,050041.jpg,1,1
50052,050053.jpg,1,1
50239,050240.jpg,1,1
50267,050268.jpg,1,1
50394,050395.jpg,1,1
50582,050583.jpg,1,1
50600,050601.jpg,1,1
50735,050736.jpg,1,1
50803,050804.jpg,1,1
50835,050836.jpg,1,1
50900,050901.jpg,1,1
50926,050927.jpg,1,1
50966,050967.jpg,1,1
51054,051055.jpg,1,1
51230,051231.jpg,1,1
51257,051258.jpg,1,1
51310,051311.jpg,1,1
51403,051404.jpg,1,1
51407,051408.jpg,1,1
51445,051446.jpg,1,1
51491,051492.jpg,1,1
51513,051514.jpg,1,1
51527,051528.jpg,1,1
51591,051592.jpg,1,1
51598,051599.jpg,1,1
51691,051692.jpg,1,1
51766,051767.jpg,1,1
51868,051869.jpg,1,1
51932,051933.jpg,1,1
51935,051936.jpg,1,1
52015,052016.jpg,1,1
52236,052237.jpg,1,1
52254,052255.jpg,1,1
52418,052419.jpg,1,1
52446,052447.jpg,1,1
52460,052461.jpg,1,1
52532,052533.jpg,1,1
52584,052585.jpg,1,1
52749,052750.jpg,1,1
52807,052808.jpg,1,1
52865,052866.jpg,1,1
52942,052943.jpg,1,1
52950,052951.jpg,1,1
52964,052965.jpg,1,1
52981,052982.jpg,1,1
53101,053102.jpg,1,1
53160,053161.jpg,1,1
53199,053200.jpg,1,1
53256,053257.jpg,1,1
53266,053267.jpg,1,1
53345,053346.jpg,1,1
53393,053394.jpg,1,1
53399,053400.jpg,1,1
53412,053413.jpg,1,1
53527,053528.jpg,1,1
53628,053629.jpg,1,1
53634,053635.jpg,1,1
53711,053712.jpg,1,1
53748,053749.jpg,1,1
53772,053773.jpg,1,1
53793,053794.jpg,1,1
53879,053880.jpg,1,1
54035,054036.jpg,1,1
54058,054059.jpg,1,1
54164,054165.jpg,1,1
54200,054201.jpg,1,1
54281,054282.jpg,1,1
54315,054316.jpg,1,1
54317,054318.jpg,1,1
54389,054390.jpg,1,1
54539,054540.jpg,1,1
54713,054714.jpg,1,1
54717,054718.jpg,1,1
54766,054767.jpg,1,1
54788,054789.jpg,1,1
54827,054828.jpg,1,1
54915,054916.jpg,1,1
54924,054925.jpg,1,1
55022,055023.jpg,1,1
55098,055099.jpg,1,1
55129,055130.jpg,1,1
55203,055204.jpg,1,1
55228,055229.jpg,1,1
55245,055246.jpg,1,1
55273,055274.jpg,1,1
55290,055291.jpg,1,1
55320,055321.jpg,1,1
55409,055410.jpg,1,1
55476,055477.jpg,1,1
55586,055587.jpg,1,1
55663,055664.jpg,1,1
55767,055768.jpg,1,1
55889,055890.jpg,1,1
55989,055990.jpg,1,1
56065,056066.jpg,1,1
56110,056111.jpg,1,1
56128,056129.jpg,1,1
56141,056142.jpg,1,1
56254,056255.jpg,1,1
56268,056269.jpg,1,1
56269,056270.jpg,1,1
56319,056320.jpg,1,1
56352,056353.jpg,1,1
56395,056396.jpg,1,1
56492,056493.jpg,1,1
56653,056654.jpg,1,1
56805,056806.jpg,1,1
56845,056846.jpg,1,1
56920,056921.jpg,1,1
56924,056925.jpg,1,1
57006,057007.jpg,1,1
57092,057093.jpg,1,1
57176,057177.jpg,1,1
57197,057198.jpg,1,1
57234,057235.jpg,1,1
57445,057446.jpg,1,1
57594,057595.jpg,1,1
57601,057602.jpg,1,1
57723,057724.jpg,1,1
57838,057839.jpg,1,1
57938,057939.jpg,1,1
58040,058041.jpg,1,1
58044,058045.jpg,1,1
58091,058092.jpg,1,1
58126,058127.jpg,1,1
58128,058129.jpg,1,1
58247,058248.jpg,1,1
58250,058251.jpg,1,1
58398,058399.jpg,1,1
58437,058438.jpg,1,1
58493,058494.jpg,1,1
58496,058497.jpg,1,1
58528,058529.jpg,1,1
58602,058603.jpg,1,1
58642,058643.jpg,1,1
58653,058654.jpg,1,1
58737,058738.jpg,1,1
58789,058790.jpg,1,1
58867,058868.jpg,1,1
58935,058936.jpg,1,1
58946,058947.jpg,1,1
58951,058952.jpg,1,1
59012,059013.jpg,1,1
59063,059064.jpg,1,1
59293,059294.jpg,1,1
59346,059347.jpg,1,1
59380,059381.jpg,1,1
59440,059441.jpg,1,1
59496,059497.jpg,1,1
59570,059571.jpg,1,1
59578,059579.jpg,1,1
59613,059614.jpg,1,1
59732,059733.jpg,1,1
59770,059771.jpg,1,1
59774,059775.jpg,1,1
59792,059793.jpg,1,1
59897,059898.jpg,1,1
59967,059968.jpg,1,1
60040,060041.jpg,1,1
60056,060057.jpg,1,1
60057,060058.jpg,1,1
60079,060080.jpg,1,1
60127,060128.jpg,1,1
60228,060229.jpg,1,1
60270,060271.jpg,1,1
60308,060309.jpg,1,1
60386,060387.jpg,1,1
60388,060389.jpg,1,1
60392,060393.jpg,1,1
60434,060435.jpg,1,1
60548,060549.jpg,1,1
60600,060601.jpg,1,1
60616,060617.jpg,1,1
60756,060757.jpg,1,1
60771,060772.jpg,1,1
60778,060779.jpg,1,1
60873,060874.jpg,1,1
60958,060959.jpg,1,1
60983,060984.jpg,1,1
61017,061018.jpg,1,1
61030,061031.jpg,1,1
61059,061060.jpg,1,1
61135,061136.jpg,1,1
61177,061178.jpg,1,1
61199,061200.jpg,1,1
61228,061229.jpg,1,1
61270,061271.jpg,1,1
61341,061342.jpg,1,1
61342,061343.jpg,1,1
61343,061344.jpg,1,1
61357,061358.jpg,1,1
61358,061359.jpg,1,1
61370,061371.jpg,1,1
61375,061376.jpg,1,1
61456,061457.jpg,1,1
61628,061629.jpg,1,1
61638,061639.jpg,1,1
61760,061761.jpg,1,1
61782,061783.jpg,1,1
61790,061791.jpg,1,1
61812,061813.jpg,1,1
61950,061951.jpg,1,1
61976,061977.jpg,1,1
62099,062100.jpg,1,1
62105,062106.jpg,1,1
62390,062391.jpg,1,1
62448,062449.jpg,1,1
62490,062491.jpg,1,1
62513,062514.jpg,1,1
62678,062679.jpg,1,1
62748,062749.jpg,1,1
62773,062774.jpg,1,1
62811,062812.jpg,1,1
62822,062823.jpg,1,1
62903,062904.jpg,1,1
62952,062953.jpg,1,1
62956,062957.jpg,1,1
62992,062993.jpg,1,1
63064,063065.jpg,1,1
63065,063066.jpg,1,1
63213,063214.jpg,1,1
63254,063255.jpg,1,1
63297,063298.jpg,1,1
63443,063444.jpg,1,1
63537,063538.jpg,1,1
63556,063557.jpg,1,1
63610,063611.jpg,1,1
63767,063768.jpg,1,1
63804,063805.jpg,1,1
63820,063821.jpg,1,1
63867,063868.jpg,1,1
63893,063894.jpg,1,1
63930,063931.jpg,1,1
64010,064011.jpg,1,1
64070,064071.jpg,1,1
64351,064352.jpg,1,1
64466,064467.jpg,1,1
64534,064535.jpg,1,1
64559,064560.jpg,1,1
64626,064627.jpg,1,1
64671,064672.jpg,1,1
64836,064837.jpg,1,1
64921,064922.jpg,1,1
65080,065081.jpg,1,1
65122,065123.jpg,1,1
65137,065138.jpg,1,1
65171,065172.jpg,1,1
65189,065190.jpg,1,1
65271,065272.jpg,1,1
65289,065290.jpg,1,1
65361,065362.jpg,1,1
65486,065487.jpg,1,1
65546,065547.jpg,1,1
65551,065552.jpg,1,1
65616,065617.jpg,1,1
65680,065681.jpg,1,1
65864,065865.jpg,1,1
65903,065904.jpg,1,1
65976,065977.jpg,1,1
65999,066000.jpg,1,1
66111,066112.jpg,1,1
66202,066203.jpg,1,1
66211,066212.jpg,1,1
66274,066275.jpg,1,1
66276,066277.jpg,1,1
66310,066311.jpg,1,1
66329,066330.jpg,1,1
66452,066453.jpg,1,1
66534,066535.jpg,1,1
66623,066624.jpg,1,1
66662,066663.jpg,1,1
66674,066675.jpg,1,1
66715,066716.jpg,1,1
66756,066757.jpg,1,1
66768,066769.jpg,1,1
66821,066822.jpg,1,1
66946,066947.jpg,1,1
67025,067026.jpg,1,1
67036,067037.jpg,1,1
67118,067119.jpg,1,1
67151,067152.jpg,1,1
67276,067277.jpg,1,1
67520,067521.jpg,1,1
67542,067543.jpg,1,1
67643,067644.jpg,1,1
67819,067820.jpg,1,1
67864,067865.jpg,1,1
67894,067895.jpg,1,1
68048,068049.jpg,1,1
68229,068230.jpg,1,1
68278,068279.jpg,1,1
68625,068626.jpg,1,1
68627,068628.jpg,1,1
68703,068704.jpg,1,1
68978,068979.jpg,1,1
69087,069088.jpg,1,1
69123,069124.jpg,1,1
69163,069164.jpg,1,1
69236,069237.jpg,1,1
69260,069261.jpg,1,1
69262,069263.jpg,1,1
69281,069282.jpg,1,1
69319,069320.jpg,1,1
69331,069332.jpg,1,1
69355,069356.jpg,1,1
69438,069439.jpg,1,1
69549,069550.jpg,1,1
69584,069585.jpg,1,1
69618,069619.jpg,1,1
69696,069697.jpg,1,1
69771,069772.jpg,1,1
69790,069791.jpg,1,1
69830,069831.jpg,1,1
69891,069892.jpg,1,1
69939,069940.jpg,1,1
70015,070016.jpg,1,1
70046,070047.jpg,1,1
70068,070069.jpg,1,1
70098,070099.jpg,1,1
70165,070166.jpg,1,1
70244,070245.jpg,1,1
70277,070278.jpg,1,1
70280,070281.jpg,1,1
70288,070289.jpg,1,1
70290,070291.jpg,1,1
70330,070331.jpg,1,1
70420,070421.jpg,1,1
70443,070444.jpg,1,1
70458,070459.jpg,1,1
70485,070486.jpg,1,1
70496,070497.jpg,1,1
70573,070574.jpg,1,1
70697,070698.jpg,1,1
70769,070770.jpg,1,1
70801,070802.jpg,1,1
70839,070840.jpg,1,1
71118,071119.jpg,1,1
71122,071123.jpg,1,1
71168,071169.jpg,1,1
71186,071187.jpg,1,1
71200,071201.jpg,1,1
71396,071397.jpg,1,1
71402,071403.jpg,1,1
71493,071494.jpg,1,1
71633,071634.jpg,1,1
71650,071651.jpg,1,1
71756,071757.jpg,1,1
71796,071797.jpg,1,1
71866,071867.jpg,1,1
71875,071876.jpg,1,1
72017,072018.jpg,1,1
72031,072032.jpg,1,1
72032,072033.jpg,1,1
72072,072073.jpg,1,1
72087,072088.jpg,1,1
72101,072102.jpg,1,1
72154,072155.jpg,1,1
72225,072226.jpg,1,1
72235,072236.jpg,1,1
72248,072249.jpg,1,1
72264,072265.jpg,1,1
72310,072311.jpg,1,1
72510,072511.jpg,1,1
72544,072545.jpg,1,1
72652,072653.jpg,1,1
72709,072710.jpg,1,1
72772,072773.jpg,1,1
72987,072988.jpg,1,1
73023,073024.jpg,1,1
73120,073121.jpg,1,1
73128,073129.jpg,1,1
73358,073359.jpg,1,1
73370,073371.jpg,1,1
73382,073383.jpg,1,1
73502,073503.jpg,1,1
73571,073572.jpg,1,1
73738,073739.jpg,1,1
73776,073777.jpg,1,1
73824,073825.jpg,1,1
73842,073843.jpg,1,1
73907,073908.jpg,1,1
73969,073970.jpg,1,1
74002,074003.jpg,1,1
74094,074095.jpg,1,1
74106,074107.jpg,1,1
74176,074177.jpg,1,1
74208,074209.jpg,1,1
74212,074213.jpg,1,1
74281,074282.jpg,1,1
74302,074303.jpg,1,1
74344,074345.jpg,1,1
74495,074496.jpg,1,1
74675,074676.jpg,1,1
74727,074728.jpg,1,1
74902,074903.jpg,1,1
74905,074906.jpg,1,1
74947,074948.jpg,1,1
74968,074969.jpg,1,1
75021,075022.jpg,1,1
75147,075148.jpg,1,1
75151,075152.jpg,1,1
75196,075197.jpg,1,1
75327,075328.jpg,1,1
75337,075338.jpg,1,1
75379,075380.jpg,1,1
75416,075417.jpg,1,1
75421,075422.jpg,1,1
75505,075506.jpg,1,1
75598,075599.jpg,1,1
75628,075629.jpg,1,1
75690,075691.jpg,1,1
75847,075848.jpg,1,1
75980,075981.jpg,1,1
76076,076077.jpg,1,1
76082,076083.jpg,1,1
76137,076138.jpg,1,1
76138,076139.jpg,1,1
76442,076443.jpg,1,1
76484,076485.jpg,1,1
76518,076519.jpg,1,1
76520,076521.jpg,1,1
76542,076543.jpg,1,1
76574,076575.jpg,1,1
76649,076650.jpg,1,1
76696,076697.jpg,1,1
76833,076834.jpg,1,1
76897,076898.jpg,1,1
76901,076902.jpg,1,1
76912,076913.jpg,1,1
76930,076931.jpg,1,1
76986,076987.jpg,1,1
77003,077004.jpg,1,1
77099,077100.jpg,1,1
77163,077164.jpg,1,1
77206,077207.jpg,1,1
77276,077277.jpg,1,1
77308,077309.jpg,1,1
77311,077312.jpg,1,1
77339,077340.jpg,1,1
77354,077355.jpg,1,1
77505,077506.jpg,1,1
77536,077537.jpg,1,1
77592,077593.jpg,1,1
77607,077608.jpg,1,1
77677,077678.jpg,1,1
77716,077717.jpg,1,1
77733,077734.jpg,1,1
77801,077802.jpg,1,1
77862,077863.jpg,1,1
77863,077864.jpg,1,1
77900,077901.jpg,1,1
77904,077905.jpg,1,1
78017,078018.jpg,1,1
78079,078080.jpg,1,1
78156,078157.jpg,1,1
78184,078185.jpg,1,1
78225,078226.jpg,1,1
78302,078303.jpg,1,1
78326,078327.jpg,1,1
78359,078360.jpg,1,1
78385,078386.jpg,1,1
78610,078611.jpg,1,1
78665,078666.jpg,1,1
78796,078797.jpg,1,1
78975,078976.jpg,1,1
79013,079014.jpg,1,1
79045,079046.jpg,1,1
79062,079063.jpg,1,1
79100,079101.jpg,1,1
79124,079125.jpg,1,1
79158,079159.jpg,1,1
79174,079175.jpg,1,1
79202,079203.jpg,1,1
79282,079283.jpg,1,1
79378,079379.jpg,1,1
79386,079387.jpg,1,1
79492,079493.jpg,1,1
79589,079590.jpg,1,1
79593,079594.jpg,1,1
79643,079644.jpg,1,1
79785,079786.jpg,1,1
79955,079956.jpg,1,1
80083,080084.jpg,1,1
80137,080138.jpg,1,1
80151,080152.jpg,1,1
80220,080221.jpg,1,1
80260,080261.jpg,1,1
80345,080346.jpg,1,1
80356,080357.jpg,1,1
80501,080502.jpg,1,1
80533,080534.jpg,1,1
80618,080619.jpg,1,1
80632,080633.jpg,1,1
80720,080721.jpg,1,1
80807,080808.jpg,1,1
80841,080842.jpg,1,1
80907,080908.jpg,1,1
80926,080927.jpg,1,1
80940,080941.jpg,1,1
80948,080949.jpg,1,1
80953,080954.jpg,1,1
80977,080978.jpg,1,1
80991,080992.jpg,1,1
81086,081087.jpg,1,1
81144,081145.jpg,1,1
81206,081207.jpg,1,1
81337,081338.jpg,1,1
81345,081346.jpg,1,1
81373,081374.jpg,1,1
81533,081534.jpg,1,1
81566,081567.jpg,1,1
81595,081596.jpg,1,1
81672,081673.jpg,1,1
81696,081697.jpg,1,1
81703,081704.jpg,1,1
81713,081714.jpg,1,1
81826,081827.jpg,1,1
81840,081841.jpg,1,1
81955,081956.jpg,1,1
81982,081983.jpg,1,1
82093,082094.jpg,1,1
82155,082156.jpg,1,1
82440,082441.jpg,1,1
82532,082533.jpg,1,1
82575,082576.jpg,1,1
82649,082650.jpg,1,1
82654,082655.jpg,1,1
82705,082706.jpg,1,1
82979,082980.jpg,1,1
83035,083036.jpg,1,1
83090,083091.jpg,1,1
83148,083149.jpg,1,1
83263,083264.jpg,1,1
83267,083268.jpg,1,1
83295,083296.jpg,1,1
83358,083359.jpg,1,1
83491,083492.jpg,1,1
83524,083525.jpg,1,1
83535,083536.jpg,1,1
83544,083545.jpg,1,1
83629,083630.jpg,1,1
83854,083855.jpg,1,1
83861,083862.jpg,1,1
84194,084195.jpg,1,1
84254,084255.jpg,1,1
84269,084270.jpg,1,1
84309,084310.jpg,1,1
84359,084360.jpg,1,1
84448,084449.jpg,1,1
84460,084461.jpg,1,1
84497,084498.jpg,1,1
84593,084594.jpg,1,1
84602,084603.jpg,1,1
84758,084759.jpg,1,1
84780,084781.jpg,1,1
84826,084827.jpg,1,1
84867,084868.jpg,1,1
84868,084869.jpg,1,1
84902,084903.jpg,1,1
85061,085062.jpg,1,1
85140,085141.jpg,1,1
85149,085150.jpg,1,1
85159,085160.jpg,1,1
85245,085246.jpg,1,1
85284,085285.jpg,1,1
85377,085378.jpg,1,1
85444,085445.jpg,1,1
85464,085465.jpg,1,1
85535,085536.jpg,1,1
85602,085603.jpg,1,1
85622,085623.jpg,1,1
85779,085780.jpg,1,1
85811,085812.jpg,1,1
85877,085878.jpg,1,1
85909,085910.jpg,1,1
86025,086026.jpg,1,1
86067,086068.jpg,1,1
86173,086174.jpg,1,1
86176,086177.jpg,1,1
86184,086185.jpg,1,1
86508,086509.jpg,1,1
86567,086568.jpg,1,1
86587,086588.jpg,1,1
86687,086688.jpg,1,1
86691,086692.jpg,1,1
86755,086756.jpg,1,1
86852,086853.jpg,1,1
86936,086937.jpg,1,1
87035,087036.jpg,1,1
87164,087165.jpg,1,1
87313,087314.jpg,1,1
87384,087385.jpg,1,1
87410,087411.jpg,1,1
87466,087467.jpg,1,1
87481,087482.jpg,1,1
87540,087541.jpg,1,1
87558,087559.jpg,1,1
87618,087619.jpg,1,1
87663,087664.jpg,1,1
87691,087692.jpg,1,1
87842,087843.jpg,1,1
87965,087966.jpg,1,1
87983,087984.jpg,1,1
88102,088103.jpg,1,1
88123,088124.jpg,1,1
88142,088143.jpg,1,1
88174,088175.jpg,1,1
88184,088185.jpg,1,1
88341,088342.jpg,1,1
88379,088380.jpg,1,1
88396,088397.jpg,1,1
88468,088469.jpg,1,1
88630,088631.jpg,1,1
88663,088664.jpg,1,1
88724,088725.jpg,1,1
88745,088746.jpg,1,1
88771,088772.jpg,1,1
88778,088779.jpg,1,1
88797,088798.jpg,1,1
88911,088912.jpg,1,1
88913,088914.jpg,1,1
88920,088921.jpg,1,1
89046,089047.jpg,1,1
89092,089093.jpg,1,1
89182,089183.jpg,1,1
89327,089328.jpg,1,1
89437,089438.jpg,1,1
89665,089666.jpg,1,1
89772,089773.jpg,1,1
89798,089799.jpg,1,1
89853,089854.jpg,1,1
89917,089918.jpg,1,1
90037,090038.jpg,1,1
90054,090055.jpg,1,1
90159,090160.jpg,1,1
90180,090181.jpg,1,1
90277,090278.jpg,1,1
90349,090350.jpg,1,1
90350,090351.jpg,1,1
90370,090371.jpg,1,1
90375,090376.jpg,1,1
90381,090382.jpg,1,1
90502,090503.jpg,1,1
90561,090562.jpg,1,1
90583,090584.jpg,1,1
90652,090653.jpg,1,1
90830,090831.jpg,1,1
90894,090895.jpg,1,1
90982,090983.jpg,1,1
91011,091012.jpg,1,1
91022,091023.jpg,1,1
91115,091116.jpg,1,1
91194,091195.jpg,1,1
91266,091267.jpg,1,1
91279,091280.jpg,1,1
91283,091284.jpg,1,1
91320,091321.jpg,1,1
91357,091358.jpg,1,1
91366,091367.jpg,1,1
91380,091381.jpg,1,1
91387,091388.jpg,1,1
91407,091408.jpg,1,1
91409,091410.jpg,1,1
91423,091424.jpg,1,1
91432,091433.jpg,1,1
91438,091439.jpg,1,1
91475,091476.jpg,1,1
91502,091503.jpg,1,1
91513,091514.jpg,1,1
91575,091576.jpg,1,1
91619,091620.jpg,1,1
91649,091650.jpg,1,1
91728,091729.jpg,1,1
91745,091746.jpg,1,1
91754,091755.jpg,1,1
91755,091756.jpg,1,1
91941,091942.jpg,1,1
91992,091993.jpg,1,1
92053,092054.jpg,1,1
92090,092091.jpg,1,1
92161,092162.jpg,1,1
92183,092184.jpg,1,1
92188,092189.jpg,1,1
92264,092265.jpg,1,1
92311,092312.jpg,1,1
92410,092411.jpg,1,1
92413,092414.jpg,1,1
92527,092528.jpg,1,1
92555,092556.jpg,1,1
92834,092835.jpg,1,1
92848,092849.jpg,1,1
92893,092894.jpg,1,1
92949,092950.jpg,1,1
92997,092998.jpg,1,1
93008,093009.jpg,1,1
93024,093025.jpg,1,1
93028,093029.jpg,1,1
93321,093322.jpg,1,1
93397,093398.jpg,1,1
93425,093426.jpg,1,1
93488,093489.jpg,1,1
93778,093779.jpg,1,1
93800,093801.jpg,1,1
93866,093867.jpg,1,1
93867,093868.jpg,1,1
93964,093965.jpg,1,1
94027,094028.jpg,1,1
94306,094307.jpg,1,1
94390,094391.jpg,1,1
94434,094435.jpg,1,1
94559,094560.jpg,1,1
94587,094588.jpg,1,1
94624,094625.jpg,1,1
94661,094662.jpg,1,1
94686,094687.jpg,1,1
94775,094776.jpg,1,1
94877,094878.jpg,1,1
94917,094918.jpg,1,1
95111,095112.jpg,1,1
95199,095200.jpg,1,1
95338,095339.jpg,1,1
95366,095367.jpg,1,1
95483,095484.jpg,1,1
95502,095503.jpg,1,1
95544,095545.jpg,1,1
95562,095563.jpg,1,1
95700,095701.jpg,1,1
95775,095776.jpg,1,1
95901,095902.jpg,1,1
95944,095945.jpg,1,1
95985,095986.jpg,1,1
95986,095987.jpg,1,1
95994,095995.jpg,1,1
96053,096054.jpg,1,1
96118,096119.jpg,1,1
96232,096233.jpg,1,1
96241,096242.jpg,1,1
96261,096262.jpg,1,1
96282,096283.jpg,1,1
96411,096412.jpg,1,1
96419,096420.jpg,1,1
96525,096526.jpg,1,1
96544,096545.jpg,1,1
96584,096585.jpg,1,1
96632,096633.jpg,1,1
96635,096636.jpg,1,1
96658,096659.jpg,1,1
96742,096743.jpg,1,1
96847,096848.jpg,1,1
96884,096885.jpg,1,1
96997,096998.jpg,1,1
97066,097067.jpg,1,1
97263,097264.jpg,1,1
97265,097266.jpg,1,1
97317,097318.jpg,1,1
97330,097331.jpg,1,1
97354,097355.jpg,1,1
97584,097585.jpg,1,1
97700,097701.jpg,1,1
97737,097738.jpg,1,1
97768,097769.jpg,1,1
97772,097773.jpg,1,1
97873,097874.jpg,1,1
97883,097884.jpg,1,1
97908,097909.jpg,1,1
98095,098096.jpg,1,1
98173,098174.jpg,1,1
98183,098184.jpg,1,1
98191,098192.jpg,1,1
98216,098217.jpg,1,1
98277,098278.jpg,1,1
98504,098505.jpg,1,1
98510,098511.jpg,1,1
98551,098552.jpg,1,1
98557,098558.jpg,1,1
98614,098615.jpg,1,1
98698,098699.jpg,1,1
98743,098744.jpg,1,1
98793,098794.jpg,1,1
98938,098939.jpg,1,1
98940,098941.jpg,1,1
99043,099044.jpg,1,1
99194,099195.jpg,1,1
99199,099200.jpg,1,1
99235,099236.jpg,1,1
99267,099268.jpg,1,1
99406,099407.jpg,1,1
99419,099420.jpg,1,1
99505,099506.jpg,1,1
99517,099518.jpg,1,1
99548,099549.jpg,1,1
99557,099558.jpg,1,1
99589,099590.jpg,1,1
99601,099602.jpg,1,1
99625,099626.jpg,1,1
99653,099654.jpg,1,1
99657,099658.jpg,1,1
99669,099670.jpg,1,1
99673,099674.jpg,1,1
99759,099760.jpg,1,1
99837,099838.jpg,1,1
99913,099914.jpg,1,1
99949,099950.jpg,1,1
100077,100078.jpg,1,1
100083,100084.jpg,1,1
100307,100308.jpg,1,1
100331,100332.jpg,1,1
100342,100343.jpg,1,1
100374,100375.jpg,1,1
100379,100380.jpg,1,1
100439,100440.jpg,1,1
100708,100709.jpg,1,1
100769,100770.jpg,1,1
100838,100839.jpg,1,1
100930,100931.jpg,1,1
101039,101040.jpg,1,1
101061,101062.jpg,1,1
101076,101077.jpg,1,1
101085,101086.jpg,1,1
101092,101093.jpg,1,1
101104,101105.jpg,1,1
101240,101241.jpg,1,1
101381,101382.jpg,1,1
101412,101413.jpg,1,1
101474,101475.jpg,1,1
101600,101601.jpg,1,1
101617,101618.jpg,1,1
101634,101635.jpg,1,1
101688,101689.jpg,1,1
101722,101723.jpg,1,1
101835,101836.jpg,1,1
101851,101852.jpg,1,1
101946,101947.jpg,1,1
102012,102013.jpg,1,1
102113,102114.jpg,1,1
102126,102127.jpg,1,1
102139,102140.jpg,1,1
102212,102213.jpg,1,1
102336,102337.jpg,1,1
102479,102480.jpg,1,1
102482,102483.jpg,1,1
102501,102502.jpg,1,1
102591,102592.jpg,1,1
102714,102715.jpg,1,1
102737,102738.jpg,1,1
102814,102815.jpg,1,1
103138,103139.jpg,1,1
103192,103193.jpg,1,1
103246,103247.jpg,1,1
103281,103282.jpg,1,1
103503,103504.jpg,1,1
103527,103528.jpg,1,1
103570,103571.jpg,1,1
103661,103662.jpg,1,1
103670,103671.jpg,1,1
103687,103688.jpg,1,1
103694,103695.jpg,1,1
103777,103778.jpg,1,1
103782,103783.jpg,1,1
103811,103812.jpg,1,1
103850,103851.jpg,1,1
103858,103859.jpg,1,1
103880,103881.jpg,1,1
103976,103977.jpg,1,1
104020,104021.jpg,1,1
104024,104025.jpg,1,1
104027,104028.jpg,1,1
104088,104089.jpg,1,1
104107,104108.jpg,1,1
104188,104189.jpg,1,1
104197,104198.jpg,1,1
104199,104200.jpg,1,1
104313,104314.jpg,1,1
104417,104418.jpg,1,1
104446,104447.jpg,1,1
104511,104512.jpg,1,1
104565,104566.jpg,1,1
104744,104745.jpg,1,1
104748,104749.jpg,1,1
104943,104944.jpg,1,1
104971,104972.jpg,1,1
105018,105019.jpg,1,1
105058,105059.jpg,1,1
105098,105099.jpg,1,1
105119,105120.jpg,1,1
105185,105186.jpg,1,1
105244,105245.jpg,1,1
105289,105290.jpg,1,1
105343,105344.jpg,1,1
105366,105367.jpg,1,1
105373,105374.jpg,1,1
105378,105379.jpg,1,1
105394,105395.jpg,1,1
105408,105409.jpg,1,1
105483,105484.jpg,1,1
105677,105678.jpg,1,1
105698,105699.jpg,1,1
105748,105749.jpg,1,1
105784,105785.jpg,1,1
105801,105802.jpg,1,1
105957,105958.jpg,1,1
106063,106064.jpg,1,1
106372,106373.jpg,1,1
106493,106494.jpg,1,1
106594,106595.jpg,1,1
106642,106643.jpg,1,1
106720,106721.jpg,1,1
106798,106799.jpg,1,1
106842,106843.jpg,1,1
106877,106878.jpg,1,1
106975,106976.jpg,1,1
107001,107002.jpg,1,1
107078,107079.jpg,1,1
107127,107128.jpg,1,1
107158,107159.jpg,1,1
107293,107294.jpg,1,1
107339,107340.jpg,1,1
107364,107365.jpg,1,1
107611,107612.jpg,1,1
107646,107647.jpg,1,1
107927,107928.jpg,1,1
108016,108017.jpg,1,1
108093,108094.jpg,1,1
108531,108532.jpg,1,1
108698,108699.jpg,1,1
108717,108718.jpg,1,1
108839,108840.jpg,1,1
109094,109095.jpg,1,1
109227,109228.jpg,1,1
109416,109417.jpg,1,1
109429,109430.jpg,1,1
109439,109440.jpg,1,1
109483,109484.jpg,1,1
109757,109758.jpg,1,1
109759,109760.jpg,1,1
109843,109844.jpg,1,1
109862,109863.jpg,1,1
109910,109911.jpg,1,1
109948,109949.jpg,1,1
109961,109962.jpg,1,1
110028,110029.jpg,1,1
110344,110345.jpg,1,1
110396,110397.jpg,1,1
110550,110551.jpg,1,1
110628,110629.jpg,1,1
110649,110650.jpg,1,1
110755,110756.jpg,1,1
110823,110824.jpg,1,1
110877,110878.jpg,1,1
110898,110899.jpg,1,1
110986,110987.jpg,1,1
111012,111013.jpg,1,1
111015,111016.jpg,1,1
111076,111077.jpg,1,1
111111,111112.jpg,1,1
111115,111116.jpg,1,1
111147,111148.jpg,1,1
111151,111152.jpg,1,1
111215,111216.jpg,1,1
111319,111320.jpg,1,1
111419,111420.jpg,1,1
111425,111426.jpg,1,1
111436,111437.jpg,1,1
111505,111506.jpg,1,1
111597,111598.jpg,1,1
111649,111650.jpg,1,1
111674,111675.jpg,1,1
111711,111712.jpg,1,1
111718,111719.jpg,1,1
111765,111766.jpg,1,1
111906,111907.jpg,1,1
111911,111912.jpg,1,1
111929,111930.jpg,1,1
111942,111943.jpg,1,1
111981,111982.jpg,1,1
111991,111992.jpg,1,1
112050,112051.jpg,1,1
112076,112077.jpg,1,1
112153,112154.jpg,1,1
112186,112187.jpg,1,1
112238,112239.jpg,1,1
112304,112305.jpg,1,1
112308,112309.jpg,1,1
112342,112343.jpg,1,1
112343,112344.jpg,1,1
112365,112366.jpg,1,1
112392,112393.jpg,1,1
112510,112511.jpg,1,1
112549,112550.jpg,1,1
112596,112597.jpg,1,1
112855,112856.jpg,1,1
113018,113019.jpg,1,1
113122,113123.jpg,1,1
113607,113608.jpg,1,1
113633,113634.jpg,1,1
113796,113797.jpg,1,1
113909,113910.jpg,1,1
113969,113970.jpg,1,1
114009,114010.jpg,1,1
114038,114039.jpg,1,1
114044,114045.jpg,1,1
114080,114081.jpg,1,1
114094,114095.jpg,1,1
114128,114129.jpg,1,1
114142,114143.jpg,1,1
114148,114149.jpg,1,1
114171,114172.jpg,1,1
114175,114176.jpg,1,1
114238,114239.jpg,1,1
114254,114255.jpg,1,1
114260,114261.jpg,1,1
114265,114266.jpg,1,1
114289,114290.jpg,1,1
114306,114307.jpg,1,1
114539,114540.jpg,1,1
114585,114586.jpg,1,1
114598,114599.jpg,1,1
114667,114668.jpg,1,1
114700,114701.jpg,1,1
114758,114759.jpg,1,1
114830,114831.jpg,1,1
115054,115055.jpg,1,1
115078,115079.jpg,1,1
115187,115188.jpg,1,1
115266,115267.jpg,1,1
115437,115438.jpg,1,1
115456,115457.jpg,1,1
115474,115475.jpg,1,1
115496,115497.jpg,1,1
115581,115582.jpg,1,1
115605,115606.jpg,1,1
115662,115663.jpg,1,1
115685,115686.jpg,1,1
115699,115700.jpg,1,1
115702,115703.jpg,1,1
115710,115711.jpg,1,1
115716,115717.jpg,1,1
115765,115766.jpg,1,1
115811,115812.jpg,1,1
115831,115832.jpg,1,1
115864,115865.jpg,1,1
115892,115893.jpg,1,1
115984,115985.jpg,1,1
115991,115992.jpg,1,1
116231,116232.jpg,1,1
116265,116266.jpg,1,1
116573,116574.jpg,1,1
116640,116641.jpg,1,1
116656,116657.jpg,1,1
116731,116732.jpg,1,1
116733,116734.jpg,1,1
116749,116750.jpg,1,1
116954,116955.jpg,1,1
117112,117113.jpg,1,1
117142,117143.jpg,1,1
117271,117272.jpg,1,1
117277,117278.jpg,1,1
117324,117325.jpg,1,1
117392,117393.jpg,1,1
117414,117415.jpg,1,1
117493,117494.jpg,1,1
117670,117671.jpg,1,1
117696,117697.jpg,1,1
117793,117794.jpg,1,1
117798,117799.jpg,1,1
117817,117818.jpg,1,1
117884,117885.jpg,1,1
117890,117891.jpg,1,1
117911,117912.jpg,1,1
117943,117944.jpg,1,1
118116,118117.jpg,1,1
118122,118123.jpg,1,1
118224,118225.jpg,1,1
118481,118482.jpg,1,1
118499,118500.jpg,1,1
118614,118615.jpg,1,1
118752,118753.jpg,1,1
118823,118824.jpg,1,1
118853,118854.jpg,1,1
118873,118874.jpg,1,1
118890,118891.jpg,1,1
118961,118962.jpg,1,1
119009,119010.jpg,1,1
119048,119049.jpg,1,1
119166,119167.jpg,1,1
119170,119171.jpg,1,1
119266,119267.jpg,1,1
119267,119268.jpg,1,1
119291,119292.jpg,1,1
119305,119306.jpg,1,1
119342,119343.jpg,1,1
119358,119359.jpg,1,1
119381,119382.jpg,1,1
119399,119400.jpg,1,1
119559,119560.jpg,1,1
119567,119568.jpg,1,1
119589,119590.jpg,1,1
119590,119591.jpg,1,1
119614,119615.jpg,1,1
119641,119642.jpg,1,1
119773,119774.jpg,1,1
119779,119780.jpg,1,1
119827,119828.jpg,1,1
119873,119874.jpg,1,1
119883,119884.jpg,1,1
119981,119982.jpg,1,1
119988,119989.jpg,1,1
120000,120001.jpg,1,1
120007,120008.jpg,1,1
120039,120040.jpg,1,1
120197,120198.jpg,1,1
120421,120422.jpg,1,1
120432,120433.jpg,1,1
120459,120460.jpg,1,1
120487,120488.jpg,1,1
120511,120512.jpg,1,1
120517,120518.jpg,1,1
120551,120552.jpg,1,1
120593,120594.jpg,1,1
120675,120676.jpg,1,1
120735,120736.jpg,1,1
120863,120864.jpg,1,1
120895,120896.jpg,1,1
120915,120916.jpg,1,1
120940,120941.jpg,1,1
121031,121032.jpg,1,1
121041,121042.jpg,1,1
121154,121155.jpg,1,1
121421,121422.jpg,1,1
121437,121438.jpg,1,1
121506,121507.jpg,1,1
121563,121564.jpg,1,1
121597,121598.jpg,1,1
121598,121599.jpg,1,1
121623,121624.jpg,1,1
121632,121633.jpg,1,1
121658,121659.jpg,1,1
121828,121829.jpg,1,1
121854,121855.jpg,1,1
121922,121923.jpg,1,1
121932,121933.jpg,1,1
121949,121950.jpg,1,1
122023,122024.jpg,1,1
122039,122040.jpg,1,1
122074,122075.jpg,1,1
122146,122147.jpg,1,1
122275,122276.jpg,1,1
122329,122330.jpg,1,1
122422,122423.jpg,1,1
122487,122488.jpg,1,1
122501,122502.jpg,1,1
122647,122648.jpg,1,1
122676,122677.jpg,1,1
122719,122720.jpg,1,1
122782,122783.jpg,1,1
122796,122797.jpg,1,1
122907,122908.jpg,1,1
122951,122952.jpg,1,1
122997,122998.jpg,1,1
123057,123058.jpg,1,1
123091,123092.jpg,1,1
123188,123189.jpg,1,1
123223,123224.jpg,1,1
123270,123271.jpg,1,1
123563,123564.jpg,1,1
123575,123576.jpg,1,1
123579,123580.jpg,1,1
123592,123593.jpg,1,1
123698,123699.jpg,1,1
123778,123779.jpg,1,1
123861,123862.jpg,1,1
123876,123877.jpg,1,1
124072,124073.jpg,1,1
124077,124078.jpg,1,1
124103,124104.jpg,1,1
124106,124107.jpg,1,1
124116,124117.jpg,1,1
124187,124188.jpg,1,1
124268,124269.jpg,1,1
124269,124270.jpg,1,1
124307,124308.jpg,1,1
124342,124343.jpg,1,1
124350,124351.jpg,1,1
124399,124400.jpg,1,1
124411,124412.jpg,1,1
124448,124449.jpg,1,1
124482,124483.jpg,1,1
124499,124500.jpg,1,1
124593,124594.jpg,1,1
124679,124680.jpg,1,1
124724,124725.jpg,1,1
124737,124738.jpg,1,1
124806,124807.jpg,1,1
124823,124824.jpg,1,1
124826,124827.jpg,1,1
124884,124885.jpg,1,1
124969,124970.jpg,1,1
125000,125001.jpg,1,1
125008,125009.jpg,1,1
125164,125165.jpg,1,1
125272,125273.jpg,1,1
125282,125283.jpg,1,1
125284,125285.jpg,1,1
125330,125331.jpg,1,1
125473,125474.jpg,1,1
125485,125486.jpg,1,1
125516,125517.jpg,1,1
125530,125531.jpg,1,1
125652,125653.jpg,1,1
125719,125720.jpg,1,1
125872,125873.jpg,1,1
125932,125933.jpg,1,1
125934,125935.jpg,1,1
126074,126075.jpg,1,1
126100,126101.jpg,1,1
126252,126253.jpg,1,1
126286,126287.jpg,1,1
126307,126308.jpg,1,1
126309,126310.jpg,1,1
126325,126326.jpg,1,1
126395,126396.jpg,1,1
126438,126439.jpg,1,1
126446,126447.jpg,1,1
126510,126511.jpg,1,1
126523,126524.jpg,1,1
126527,126528.jpg,1,1
126608,126609.jpg,1,1
126682,126683.jpg,1,1
126702,126703.jpg,1,1
126809,126810.jpg,1,1
126818,126819.jpg,1,1
126839,126840.jpg,1,1
126928,126929.jpg,1,1
127067,127068.jpg,1,1
127093,127094.jpg,1,1
127122,127123.jpg,1,1
127217,127218.jpg,1,1
127243,127244.jpg,1,1
127259,127260.jpg,1,1
127380,127381.jpg,1,1
127399,127400.jpg,1,1
127452,127453.jpg,1,1
127635,127636.jpg,1,1
127696,127697.jpg,1,1
127756,127757.jpg,1,1
127826,127827.jpg,1,1
127902,127903.jpg,1,1
127994,127995.jpg,1,1
128037,128038.jpg,1,1
128046,128047.jpg,1,1
128096,128097.jpg,1,1
128100,128101.jpg,1,1
128136,128137.jpg,1,1
128167,128168.jpg,1,1
128202,128203.jpg,1,1
128231,128232.jpg,1,1
128259,128260.jpg,1,1
128315,128316.jpg,1,1
128330,128331.jpg,1,1
128377,128378.jpg,1,1
128434,128435.jpg,1,1
128478,128479.jpg,1,1
128556,128557.jpg,1,1
128623,128624.jpg,1,1
128647,128648.jpg,1,1
128672,128673.jpg,1,1
128713,128714.jpg,1,1
128735,128736.jpg,1,1
128856,128857.jpg,1,1
128877,128878.jpg,1,1
128968,128969.jpg,1,1
129010,129011.jpg,1,1
129074,129075.jpg,1,1
129078,129079.jpg,1,1
129085,129086.jpg,1,1
129137,129138.jpg,1,1
129188,129189.jpg,1,1
129228,129229.jpg,1,1
129238,129239.jpg,1,1
129293,129294.jpg,1,1
129312,129313.jpg,1,1
129365,129366.jpg,1,1
129422,129423.jpg,1,1
129697,129698.jpg,1,1
129728,129729.jpg,1,1
129813,129814.jpg,1,1
129907,129908.jpg,1,1
129944,129945.jpg,1,1
129948,129949.jpg,1,1
130001,130002.jpg,1,1
130049,130050.jpg,1,1
130065,130066.jpg,1,1
130077,130078.jpg,1,1
130206,130207.jpg,1,1
130271,130272.jpg,1,1
130328,130329.jpg,1,1
130358,130359.jpg,1,1
130439,130440.jpg,1,1
130461,130462.jpg,1,1
130467,130468.jpg,1,1
130538,130539.jpg,1,1
130548,130549.jpg,1,1
130553,130554.jpg,1,1
130580,130581.jpg,1,1
130581,130582.jpg,1,1
130728,130729.jpg,1,1
130741,130742.jpg,1,1
130759,130760.jpg,1,1
130784,130785.jpg,1,1
130823,130824.jpg,1,1
130847,130848.jpg,1,1
130896,130897.jpg,1,1
130954,130955.jpg,1,1
131027,131028.jpg,1,1
131111,131112.jpg,1,1
131154,131155.jpg,1,1
131221,131222.jpg,1,1
131226,131227.jpg,1,1
131231,131232.jpg,1,1
131248,131249.jpg,1,1
131346,131347.jpg,1,1
131348,131349.jpg,1,1
131374,131375.jpg,1,1
131449,131450.jpg,1,1
131456,131457.jpg,1,1
131462,131463.jpg,1,1
131463,131464.jpg,1,1
131475,131476.jpg,1,1
131491,131492.jpg,1,1
131501,131502.jpg,1,1
131656,131657.jpg,1,1
131683,131684.jpg,1,1
131704,131705.jpg,1,1
131822,131823.jpg,1,1
131944,131945.jpg,1,1
131957,131958.jpg,1,1
131960,131961.jpg,1,1
131973,131974.jpg,1,1
132007,132008.jpg,1,1
132041,132042.jpg,1,1
132049,132050.jpg,1,1
132211,132212.jpg,1,1
132272,132273.jpg,1,1
132289,132290.jpg,1,1
132331,132332.jpg,1,1
132420,132421.jpg,1,1
132467,132468.jpg,1,1
132564,132565.jpg,1,1
132773,132774.jpg,1,1
132806,132807.jpg,1,1
132809,132810.jpg,1,1
132814,132815.jpg,1,1
132847,132848.jpg,1,1
133089,133090.jpg,1,1
133424,133425.jpg,1,1
133428,133429.jpg,1,1
133446,133447.jpg,1,1
133457,133458.jpg,1,1
133474,133475.jpg,1,1
133512,133513.jpg,1,1
133666,133667.jpg,1,1
133688,133689.jpg,1,1
133897,133898.jpg,1,1
133912,133913.jpg,1,1
133919,133920.jpg,1,1
133987,133988.jpg,1,1
134183,134184.jpg,1,1
134239,134240.jpg,1,1
134252,134253.jpg,1,1
134321,134322.jpg,1,1
134332,134333.jpg,1,1
134412,134413.jpg,1,1
134422,134423.jpg,1,1
134490,134491.jpg,1,1
134569,134570.jpg,1,1
134652,134653.jpg,1,1
134655,134656.jpg,1,1
134701,134702.jpg,1,1
134716,134717.jpg,1,1
134755,134756.jpg,1,1
134759,134760.jpg,1,1
134876,134877.jpg,1,1
134912,134913.jpg,1,1
135015,135016.jpg,1,1
135056,135057.jpg,1,1
135096,135097.jpg,1,1
135112,135113.jpg,1,1
135131,135132.jpg,1,1
135184,135185.jpg,1,1
135285,135286.jpg,1,1
135320,135321.jpg,1,1
135324,135325.jpg,1,1
135372,135373.jpg,1,1
135422,135423.jpg,1,1
135436,135437.jpg,1,1
135449,135450.jpg,1,1
135466,135467.jpg,1,1
135529,135530.jpg,1,1
135597,135598.jpg,1,1
135640,135641.jpg,1,1
135677,135678.jpg,1,1
135679,135680.jpg,1,1
135729,135730.jpg,1,1
135912,135913.jpg,1,1
135925,135926.jpg,1,1
135951,135952.jpg,1,1
135971,135972.jpg,1,1
136011,136012.jpg,1,1
136074,136075.jpg,1,1
136143,136144.jpg,1,1
136216,136217.jpg,1,1
136235,136236.jpg,1,1
136360,136361.jpg,1,1
136394,136395.jpg,1,1
136422,136423.jpg,1,1
136479,136480.jpg,1,1
136496,136497.jpg,1,1
136516,136517.jpg,1,1
136585,136586.jpg,1,1
136596,136597.jpg,1,1
136597,136598.jpg,1,1
136659,136660.jpg,1,1
136681,136682.jpg,1,1
136693,136694.jpg,1,1
136712,136713.jpg,1,1
136715,136716.jpg,1,1
136763,136764.jpg,1,1
136831,136832.jpg,1,1
136857,136858.jpg,1,1
136883,136884.jpg,1,1
136948,136949.jpg,1,1
137088,137089.jpg,1,1
137095,137096.jpg,1,1
137188,137189.jpg,1,1
137270,137271.jpg,1,1
137370,137371.jpg,1,1
137455,137456.jpg,1,1
137491,137492.jpg,1,1
137643,137644.jpg,1,1
137714,137715.jpg,1,1
137962,137963.jpg,1,1
137976,137977.jpg,1,1
138041,138042.jpg,1,1
138132,138133.jpg,1,1
138299,138300.jpg,1,1
138322,138323.jpg,1,1
138373,138374.jpg,1,1
138393,138394.jpg,1,1
138452,138453.jpg,1,1
138471,138472.jpg,1,1
138547,138548.jpg,1,1
138654,138655.jpg,1,1
138682,138683.jpg,1,1
138685,138686.jpg,1,1
138750,138751.jpg,1,1
138802,138803.jpg,1,1
138905,138906.jpg,1,1
138955,138956.jpg,1,1
138958,138959.jpg,1,1
139038,139039.jpg,1,1
139103,139104.jpg,1,1
139135,139136.jpg,1,1
139183,139184.jpg,1,1
139230,139231.jpg,1,1
139382,139383.jpg,1,1
139390,139391.jpg,1,1
139423,139424.jpg,1,1
139427,139428.jpg,1,1
139467,139468.jpg,1,1
139489,139490.jpg,1,1
139535,139536.jpg,1,1
139643,139644.jpg,1,1
139656,139657.jpg,1,1
139792,139793.jpg,1,1
139933,139934.jpg,1,1
140020,140021.jpg,1,1
140043,140044.jpg,1,1
140077,140078.jpg,1,1
140123,140124.jpg,1,1
140182,140183.jpg,1,1
140262,140263.jpg,1,1
140266,140267.jpg,1,1
140343,140344.jpg,1,1
140349,140350.jpg,1,1
140375,140376.jpg,1,1
140381,140382.jpg,1,1
140428,140429.jpg,1,1
140464,140465.jpg,1,1
140525,140526.jpg,1,1
140534,140535.jpg,1,1
140567,140568.jpg,1,1
140596,140597.jpg,1,1
140645,140646.jpg,1,1
140703,140704.jpg,1,1
140790,140791.jpg,1,1
140989,140990.jpg,1,1
140992,140993.jpg,1,1
141018,141019.jpg,1,1
141034,141035.jpg,1,1
141173,141174.jpg,1,1
141209,141210.jpg,1,1
141230,141231.jpg,1,1
141233,141234.jpg,1,1
141301,141302.jpg,1,1
141352,141353.jpg,1,1
141368,141369.jpg,1,1
141530,141531.jpg,1,1
141542,141543.jpg,1,1
141546,141547.jpg,1,1
141582,141583.jpg,1,1
141644,141645.jpg,1,1
141724,141725.jpg,1,1
141803,141804.jpg,1,1
141825,141826.jpg,1,1
141842,141843.jpg,1,1
141869,141870.jpg,1,1
142062,142063.jpg,1,1
142063,142064.jpg,1,1
142161,142162.jpg,1,1
142199,142200.jpg,1,1
142317,142318.jpg,1,1
142335,142336.jpg,1,1
142384,142385.jpg,1,1
142415,142416.jpg,1,1
142586,142587.jpg,1,1
142591,142592.jpg,1,1
142613,142614.jpg,1,1
142654,142655.jpg,1,1
142697,142698.jpg,1,1
142700,142701.jpg,1,1
142721,142722.jpg,1,1
142734,142735.jpg,1,1
142741,142742.jpg,1,1
142794,142795.jpg,1,1
142821,142822.jpg,1,1
142892,142893.jpg,1,1
142966,142967.jpg,1,1
143011,143012.jpg,1,1
143032,143033.jpg,1,1
143086,143087.jpg,1,1
143126,143127.jpg,1,1
143197,143198.jpg,1,1
143275,143276.jpg,1,1
143522,143523.jpg,1,1
143537,143538.jpg,1,1
143563,143564.jpg,1,1
143578,143579.jpg,1,1
143728,143729.jpg,1,1
143790,143791.jpg,1,1
143916,143917.jpg,1,1
144048,144049.jpg,1,1
144054,144055.jpg,1,1
144074,144075.jpg,1,1
144076,144077.jpg,1,1
144078,144079.jpg,1,1
144122,144123.jpg,1,1
144143,144144.jpg,1,1
144151,144152.jpg,1,1
144175,144176.jpg,1,1
144179,144180.jpg,1,1
144203,144204.jpg,1,1
144390,144391.jpg,1,1
144442,144443.jpg,1,1
144501,144502.jpg,1,1
144558,144559.jpg,1,1
144708,144709.jpg,1,1
144715,144716.jpg,1,1
144738,144739.jpg,1,1
144758,144759.jpg,1,1
144771,144772.jpg,1,1
144784,144785.jpg,1,1
144803,144804.jpg,1,1
144928,144929.jpg,1,1
144933,144934.jpg,1,1
144934,144935.jpg,1,1
144949,144950.jpg,1,1
145150,145151.jpg,1,1
145243,145244.jpg,1,1
145258,145259.jpg,1,1
145384,145385.jpg,1,1
145459,145460.jpg,1,1
145570,145571.jpg,1,1
145581,145582.jpg,1,1
145604,145605.jpg,1,1
145661,145662.jpg,1,1
145712,145713.jpg,1,1
145728,145729.jpg,1,1
145783,145784.jpg,1,1
146184,146185.jpg,1,1
146188,146189.jpg,1,1
146237,146238.jpg,1,1
146356,146357.jpg,1,1
146401,146402.jpg,1,1
146404,146405.jpg,1,1
146422,146423.jpg,1,1
146429,146430.jpg,1,1
146449,146450.jpg,1,1
146454,146455.jpg,1,1
146486,146487.jpg,1,1
146552,146553.jpg,1,1
146653,146654.jpg,1,1
146667,146668.jpg,1,1
146694,146695.jpg,1,1
146700,146701.jpg,1,1
146708,146709.jpg,1,1
146729,146730.jpg,1,1
146789,146790.jpg,1,1
146820,146821.jpg,1,1
146871,146872.jpg,1,1
146875,146876.jpg,1,1
146940,146941.jpg,1,1
146995,146996.jpg,1,1
147027,147028.jpg,1,1
147097,147098.jpg,1,1
147111,147112.jpg,1,1
147116,147117.jpg,1,1
147199,147200.jpg,1,1
147268,147269.jpg,1,1
147380,147381.jpg,1,1
147385,147386.jpg,1,1
147419,147420.jpg,1,1
147458,147459.jpg,1,1
147470,147471.jpg,1,1
147518,147519.jpg,1,1
147528,147529.jpg,1,1
147556,147557.jpg,1,1
147581,147582.jpg,1,1
147599,147600.jpg,1,1
147606,147607.jpg,1,1
147626,147627.jpg,1,1
147692,147693.jpg,1,1
147728,147729.jpg,1,1
147787,147788.jpg,1,1
147805,147806.jpg,1,1
148004,148005.jpg,1,1
148084,148085.jpg,1,1
148170,148171.jpg,1,1
148176,148177.jpg,1,1
148265,148266.jpg,1,1
148338,148339.jpg,1,1
148350,148351.jpg,1,1
148405,148406.jpg,1,1
148439,148440.jpg,1,1
148503,148504.jpg,1,1
148504,148505.jpg,1,1
148505,148506.jpg,1,1
148576,148577.jpg,1,1
148622,148623.jpg,1,1
148674,148675.jpg,1,1
148759,148760.jpg,1,1
148778,148779.jpg,1,1
148853,148854.jpg,1,1
148903,148904.jpg,1,1
148952,148953.jpg,1,1
149013,149014.jpg,1,1
149098,149099.jpg,1,1
149113,149114.jpg,1,1
149182,149183.jpg,1,1
149186,149187.jpg,1,1
149225,149226.jpg,1,1
149254,149255.jpg,1,1
149274,149275.jpg,1,1
149353,149354.jpg,1,1
149364,149365.jpg,1,1
149439,149440.jpg,1,1
149480,149481.jpg,1,1
149524,149525.jpg,1,1
149536,149537.jpg,1,1
149628,149629.jpg,1,1
149734,149735.jpg,1,1
149844,149845.jpg,1,1
149948,149949.jpg,1,1
149960,149961.jpg,1,1
149963,149964.jpg,1,1
149993,149994.jpg,1,1
150027,150028.jpg,1,1
150059,150060.jpg,1,1
150128,150129.jpg,1,1
150243,150244.jpg,1,1
150265,150266.jpg,1,1
150304,150305.jpg,1,1
150542,150543.jpg,1,1
150637,150638.jpg,1,1
150645,150646.jpg,1,1
150764,150765.jpg,1,1
150811,150812.jpg,1,1
150835,150836.jpg,1,1
150898,150899.jpg,1,1
150967,150968.jpg,1,1
150984,150985.jpg,1,1
150989,150990.jpg,1,1
151071,151072.jpg,1,1
151082,151083.jpg,1,1
151232,151233.jpg,1,1
151251,151252.jpg,1,1
151352,151353.jpg,1,1
151437,151438.jpg,1,1
151442,151443.jpg,1,1
151456,151457.jpg,1,1
151535,151536.jpg,1,1
151593,151594.jpg,1,1
151762,151763.jpg,1,1
151808,151809.jpg,1,1
151833,151834.jpg,1,1
151869,151870.jpg,1,1
151969,151970.jpg,1,1
152029,152030.jpg,1,1
152065,152066.jpg,1,1
152182,152183.jpg,1,1
152201,152202.jpg,1,1
152373,152374.jpg,1,1
152506,152507.jpg,1,1
152567,152568.jpg,1,1
152610,152611.jpg,1,1
152658,152659.jpg,1,1
152710,152711.jpg,1,1
152797,152798.jpg,1,1
153009,153010.jpg,1,1
153135,153136.jpg,1,1
153148,153149.jpg,1,1
153181,153182.jpg,1,1
153193,153194.jpg,1,1
153221,153222.jpg,1,1
153238,153239.jpg,1,1
153279,153280.jpg,1,1
153339,153340.jpg,1,1
153372,153373.jpg,1,1
153381,153382.jpg,1,1
153392,153393.jpg,1,1
153416,153417.jpg,1,1
153485,153486.jpg,1,1
153506,153507.jpg,1,1
153528,153529.jpg,1,1
153609,153610.jpg,1,1
153642,153643.jpg,1,1
153741,153742.jpg,1,1
153766,153767.jpg,1,1
153944,153945.jpg,1,1
154031,154032.jpg,1,1
154109,154110.jpg,1,1
154167,154168.jpg,1,1
154189,154190.jpg,1,1
154231,154232.jpg,1,1
154318,154319.jpg,1,1
154359,154360.jpg,1,1
154372,154373.jpg,1,1
154487,154488.jpg,1,1
154618,154619.jpg,1,1
154621,154622.jpg,1,1
154674,154675.jpg,1,1
154692,154693.jpg,1,1
154714,154715.jpg,1,1
154833,154834.jpg,1,1
154864,154865.jpg,1,1
155024,155025.jpg,1,1
155073,155074.jpg,1,1
155180,155181.jpg,1,1
155217,155218.jpg,1,1
155306,155307.jpg,1,1
155358,155359.jpg,1,1
155498,155499.jpg,1,1
155515,155516.jpg,1,1
155519,155520.jpg,1,1
155553,155554.jpg,1,1
155562,155563.jpg,1,1
155666,155667.jpg,1,1
155738,155739.jpg,1,1
155801,155802.jpg,1,1
155834,155835.jpg,1,1
155836,155837.jpg,1,1
155877,155878.jpg,1,1
155904,155905.jpg,1,1
156009,156010.jpg,1,1
156037,156038.jpg,1,1
156131,156132.jpg,1,1
156179,156180.jpg,1,1
156200,156201.jpg,1,1
156202,156203.jpg,1,1
156292,156293.jpg,1,1
156395,156396.jpg,1,1
156474,156475.jpg,1,1
156502,156503.jpg,1,1
156554,156555.jpg,1,1
156568,156569.jpg,1,1
156791,156792.jpg,1,1
156817,156818.jpg,1,1
156872,156873.jpg,1,1
156900,156901.jpg,1,1
157050,157051.jpg,1,1
157125,157126.jpg,1,1
157143,157144.jpg,1,1
157285,157286.jpg,1,1
157324,157325.jpg,1,1
157350,157351.jpg,1,1
157404,157405.jpg,1,1
157413,157414.jpg,1,1
157453,157454.jpg,1,1
157476,157477.jpg,1,1
157507,157508.jpg,1,1
157713,157714.jpg,1,1
157805,157806.jpg,1,1
157974,157975.jpg,1,1
157986,157987.jpg,1,1
158031,158032.jpg,1,1
158125,158126.jpg,1,1
158147,158148.jpg,1,1
158333,158334.jpg,1,1
158447,158448.jpg,1,1
158453,158454.jpg,1,1
158463,158464.jpg,1,1
158570,158571.jpg,1,1
158642,158643.jpg,1,1
158648,158649.jpg,1,1
158718,158719.jpg,1,1
158733,158734.jpg,1,1
158810,158811.jpg,1,1
158956,158957.jpg,1,1
158965,158966.jpg,1,1
158978,158979.jpg,1,1
158989,158990.jpg,1,1
159011,159012.jpg,1,1
159079,159080.jpg,1,1
159165,159166.jpg,1,1
159204,159205.jpg,1,1
159214,159215.jpg,1,1
159296,159297.jpg,1,1
159431,159432.jpg,1,1
159497,159498.jpg,1,1
159629,159630.jpg,1,1
159637,159638.jpg,1,1
159701,159702.jpg,1,1
159704,159705.jpg,1,1
159709,159710.jpg,1,1
159731,159732.jpg,1,1
159737,159738.jpg,1,1
159756,159757.jpg,1,1
159793,159794.jpg,1,1
159812,159813.jpg,1,1
159956,159957.jpg,1,1
159984,159985.jpg,1,1
160007,160008.jpg,1,1
160013,160014.jpg,1,1
160014,160015.jpg,1,1
160020,160021.jpg,1,1
160095,160096.jpg,1,1
160246,160247.jpg,1,1
160312,160313.jpg,1,1
160329,160330.jpg,1,1
160331,160332.jpg,1,1
160402,160403.jpg,1,1
160535,160536.jpg,1,1
160547,160548.jpg,1,1
160590,160591.jpg,1,1
160603,160604.jpg,1,1
160607,160608.jpg,1,1
160631,160632.jpg,1,1
160678,160679.jpg,1,1
160828,160829.jpg,1,1
160843,160844.jpg,1,1
160889,160890.jpg,1,1
160923,160924.jpg,1,1
160962,160963.jpg,1,1
161006,161007.jpg,1,1
161169,161170.jpg,1,1
161224,161225.jpg,1,1
161271,161272.jpg,1,1
161365,161366.jpg,1,1
161383,161384.jpg,1,1
161461,161462.jpg,1,1
161477,161478.jpg,1,1
161484,161485.jpg,1,1
161499,161500.jpg,1,1
161525,161526.jpg,1,1
161537,161538.jpg,1,1
161574,161575.jpg,1,1
161642,161643.jpg,1,1
161749,161750.jpg,1,1
161908,161909.jpg,1,1
162020,162021.jpg,1,1
162263,162264.jpg,1,1
162282,162283.jpg,1,1
162331,162332.jpg,1,1
162350,162351.jpg,1,1
162395,162396.jpg,1,1
162467,162468.jpg,1,1
162565,162566.jpg,1,1
162745,162746.jpg,1,1
162752,162753.jpg,1,1
162941,162942.jpg,1,1
163011,163012.jpg,1,1
163156,163157.jpg,1,1
163224,163225.jpg,1,1
163241,163242.jpg,1,1
163292,163293.jpg,1,1
163304,163305.jpg,1,1
163305,163306.jpg,1,1
163358,163359.jpg,1,1
163393,163394.jpg,1,1
163396,163397.jpg,1,1
163439,163440.jpg,1,1
163520,163521.jpg,1,1
163708,163709.jpg,1,1
163741,163742.jpg,1,1
163761,163762.jpg,1,1
163776,163777.jpg,1,1
163804,163805.jpg,1,1
163820,163821.jpg,1,1
163827,163828.jpg,1,1
163919,163920.jpg,1,1
164071,164072.jpg,1,1
164084,164085.jpg,1,1
164086,164087.jpg,1,1
164163,164164.jpg,1,1
164236,164237.jpg,1,1
164277,164278.jpg,1,1
164330,164331.jpg,1,1
164417,164418.jpg,1,1
164426,164427.jpg,1,1
164490,164491.jpg,1,1
164681,164682.jpg,1,1
164759,164760.jpg,1,1
164875,164876.jpg,1,1
164902,164903.jpg,1,1
164908,164909.jpg,1,1
165015,165016.jpg,1,1
165023,165024.jpg,1,1
165158,165159.jpg,1,1
165316,165317.jpg,1,1
165367,165368.jpg,1,1
165454,165455.jpg,1,1
165470,165471.jpg,1,1
165528,165529.jpg,1,1
165623,165624.jpg,1,1
165663,165664.jpg,1,1
165812,165813.jpg,1,1
165959,165960.jpg,1,1
166024,166025.jpg,1,1
166040,166041.jpg,1,1
166083,166084.jpg,1,1
166126,166127.jpg,1,1
166156,166157.jpg,1,1
166210,166211.jpg,1,1
166272,166273.jpg,1,1
166326,166327.jpg,1,1
166569,166570.jpg,1,1
166745,166746.jpg,1,1
166788,166789.jpg,1,1
166852,166853.jpg,1,1
166858,166859.jpg,1,1
166860,166861.jpg,1,1
167004,167005.jpg,1,1
167021,167022.jpg,1,1
167061,167062.jpg,1,1
167245,167246.jpg,1,1
167334,167335.jpg,1,1
167400,167401.jpg,1,1
167563,167564.jpg,1,1
167632,167633.jpg,1,1
167644,167645.jpg,1,1
167760,167761.jpg,1,1
167840,167841.jpg,1,1
167887,167888.jpg,1,1
167895,167896.jpg,1,1
167922,167923.jpg,1,1
167926,167927.jpg,1,1
167971,167972.jpg,1,1
168040,168041.jpg,1,1
168045,168046.jpg,1,1
168112,168113.jpg,1,1
168199,168200.jpg,1,1
168270,168271.jpg,1,1
168283,168284.jpg,1,1
168345,168346.jpg,1,1
168354,168355.jpg,1,1
168532,168533.jpg,1,1
168542,168543.jpg,1,1
168607,168608.jpg,1,1
168635,168636.jpg,1,1
168671,168672.jpg,1,1
168724,168725.jpg,1,1
168780,168781.jpg,1,1
168959,168960.jpg,1,1
169016,169017.jpg,1,1
169082,169083.jpg,1,1
169098,169099.jpg,1,1
169176,169177.jpg,1,1
169346,169347.jpg,1,1
169537,169538.jpg,1,1
169547,169548.jpg,1,1
169555,169556.jpg,1,1
169568,169569.jpg,1,1
169603,169604.jpg,1,1
169689,169690.jpg,1,1
169781,169782.jpg,1,1
169783,169784.jpg,1,1
169789,169790.jpg,1,1
169811,169812.jpg,1,1
169843,169844.jpg,1,1
169941,169942.jpg,1,1
169978,169979.jpg,1,1
169980,169981.jpg,1,1
170094,170095.jpg,1,1
170124,170125.jpg,1,1
170156,170157.jpg,1,1
170259,170260.jpg,1,1
170291,170292.jpg,1,1
170518,170519.jpg,1,1
170551,170552.jpg,1,1
170557,170558.jpg,1,1
170616,170617.jpg,1,1
170798,170799.jpg,1,1
170832,170833.jpg,1,1
170856,170857.jpg,1,1
170896,170897.jpg,1,1
170899,170900.jpg,1,1
170900,170901.jpg,1,1
170932,170933.jpg,1,1
171007,171008.jpg,1,1
171104,171105.jpg,1,1
171121,171122.jpg,1,1
171151,171152.jpg,1,1
171199,171200.jpg,1,1
171215,171216.jpg,1,1
171221,171222.jpg,1,1
171257,171258.jpg,1,1
171430,171431.jpg,1,1
171504,171505.jpg,1,1
171567,171568.jpg,1,1
171693,171694.jpg,1,1
171717,171718.jpg,1,1
171725,171726.jpg,1,1
171735,171736.jpg,1,1
171756,171757.jpg,1,1
171803,171804.jpg,1,1
171819,171820.jpg,1,1
171831,171832.jpg,1,1
171894,171895.jpg,1,1
171907,171908.jpg,1,1
172012,172013.jpg,1,1
172251,172252.jpg,1,1
172283,172284.jpg,1,1
172395,172396.jpg,1,1
172422,172423.jpg,1,1
172519,172520.jpg,1,1
172595,172596.jpg,1,1
172601,172602.jpg,1,1
172641,172642.jpg,1,1
172713,172714.jpg,1,1
172762,172763.jpg,1,1
172775,172776.jpg,1,1
172785,172786.jpg,1,1
172867,172868.jpg,1,1
172896,172897.jpg,1,1
172917,172918.jpg,1,1
172965,172966.jpg,1,1
173002,173003.jpg,1,1
173012,173013.jpg,1,1
173091,173092.jpg,1,1
173200,173201.jpg,1,1
173244,173245.jpg,1,1
173255,173256.jpg,1,1
173268,173269.jpg,1,1
173429,173430.jpg,1,1
173436,173437.jpg,1,1
173526,173527.jpg,1,1
173635,173636.jpg,1,1
173650,173651.jpg,1,1
173674,173675.jpg,1,1
173774,173775.jpg,1,1
173779,173780.jpg,1,1
173852,173853.jpg,1,1
173864,173865.jpg,1,1
173884,173885.jpg,1,1
173923,173924.jpg,1,1
173924,173925.jpg,1,1
173982,173983.jpg,1,1
174050,174051.jpg,1,1
174076,174077.jpg,1,1
174308,174309.jpg,1,1
174631,174632.jpg,1,1
174667,174668.jpg,1,1
174747,174748.jpg,1,1
174822,174823.jpg,1,1
174952,174953.jpg,1,1
175009,175010.jpg,1,1
175023,175024.jpg,1,1
175034,175035.jpg,1,1
175141,175142.jpg,1,1
175235,175236.jpg,1,1
175250,175251.jpg,1,1
175279,175280.jpg,1,1
175286,175287.jpg,1,1
175434,175435.jpg,1,1
175603,175604.jpg,1,1
175611,175612.jpg,1,1
175680,175681.jpg,1,1
175694,175695.jpg,1,1
175858,175859.jpg,1,1
175921,175922.jpg,1,1
176195,176196.jpg,1,1
176258,176259.jpg,1,1
176325,176326.jpg,1,1
176378,176379.jpg,1,1
176460,176461.jpg,1,1
176499,176500.jpg,1,1
176625,176626.jpg,1,1
176678,176679.jpg,1,1
176749,176750.jpg,1,1
176884,176885.jpg,1,1
176987,176988.jpg,1,1
177078,177079.jpg,1,1
177085,177086.jpg,1,1
177093,177094.jpg,1,1
177222,177223.jpg,1,1
177251,177252.jpg,1,1
177270,177271.jpg,1,1
177305,177306.jpg,1,1
177318,177319.jpg,1,1
177340,177341.jpg,1,1
177555,177556.jpg,1,1
177722,177723.jpg,1,1
177844,177845.jpg,1,1
178010,178011.jpg,1,1
178075,178076.jpg,1,1
178077,178078.jpg,1,1
178134,178135.jpg,1,1
178138,178139.jpg,1,1
178155,178156.jpg,1,1
178294,178295.jpg,1,1
178370,178371.jpg,1,1
178421,178422.jpg,1,1
178579,178580.jpg,1,1
178697,178698.jpg,1,1
178777,178778.jpg,1,1
178964,178965.jpg,1,1
179118,179119.jpg,1,1
179158,179159.jpg,1,1
179234,179235.jpg,1,1
179276,179277.jpg,1,1
179333,179334.jpg,1,1
179382,179383.jpg,1,1
179457,179458.jpg,1,1
179494,179495.jpg,1,1
179512,179513.jpg,1,1
179551,179552.jpg,1,1
179624,179625.jpg,1,1
179777,179778.jpg,1,1
179909,179910.jpg,1,1
180008,180009.jpg,1,1
180211,180212.jpg,1,1
180245,180246.jpg,1,1
180337,180338.jpg,1,1
180661,180662.jpg,1,1
180701,180702.jpg,1,1
180705,180706.jpg,1,1
180713,180714.jpg,1,1
180838,180839.jpg,1,1
180963,180964.jpg,1,1
181084,181085.jpg,1,1
181126,181127.jpg,1,1
181381,181382.jpg,1,1
181390,181391.jpg,1,1
181396,181397.jpg,1,1
181433,181434.jpg,1,1
181467,181468.jpg,1,1
181597,181598.jpg,1,1
181602,181603.jpg,1,1
181643,181644.jpg,1,1
181737,181738.jpg,1,1
181949,181950.jpg,1,1
181957,181958.jpg,1,1
181968,181969.jpg,1,1
182002,182003.jpg,1,1
182043,182044.jpg,1,1
182108,182109.jpg,1,1
182147,182148.jpg,1,1
182373,182374.jpg,1,1
182473,182474.jpg,1,1
182475,182476.jpg,1,1
182534,182535.jpg,1,1
182671,182672.jpg,1,1
182703,182704.jpg,1,1
182796,182797.jpg,1,1
182966,182967.jpg,1,1
183075,183076.jpg,1,1
183090,183091.jpg,1,1
183098,183099.jpg,1,1
183113,183114.jpg,1,1
183143,183144.jpg,1,1
183145,183146.jpg,1,1
183194,183195.jpg,1,1
183259,183260.jpg,1,1
183262,183263.jpg,1,1
183372,183373.jpg,1,1
183381,183382.jpg,1,1
183453,183454.jpg,1,1
183465,183466.jpg,1,1
183467,183468.jpg,1,1
183637,183638.jpg,1,1
183731,183732.jpg,1,1
183747,183748.jpg,1,1
183844,183845.jpg,1,1
183849,183850.jpg,1,1
183864,183865.jpg,1,1
183999,184000.jpg,1,1
184060,184061.jpg,1,1
184234,184235.jpg,1,1
184245,184246.jpg,1,1
184272,184273.jpg,1,1
184288,184289.jpg,1,1
184300,184301.jpg,1,1
184339,184340.jpg,1,1
184354,184355.jpg,1,1
184376,184377.jpg,1,1
184397,184398.jpg,1,1
184423,184424.jpg,1,1
184445,184446.jpg,1,1
184467,184468.jpg,1,1
184586,184587.jpg,1,1
184634,184635.jpg,1,1
184641,184642.jpg,1,1
184670,184671.jpg,1,1
184715,184716.jpg,1,1
184859,184860.jpg,1,1
184929,184930.jpg,1,1
185006,185007.jpg,1,1
185036,185037.jpg,1,1
185039,185040.jpg,1,1
185058,185059.jpg,1,1
185125,185126.jpg,1,1
185160,185161.jpg,1,1
185212,185213.jpg,1,1
185297,185298.jpg,1,1
185548,185549.jpg,1,1
185599,185600.jpg,1,1
185636,185637.jpg,1,1
185681,185682.jpg,1,1
185752,185753.jpg,1,1
185782,185783.jpg,1,1
185830,185831.jpg,1,1
185983,185984.jpg,1,1
186207,186208.jpg,1,1
186277,186278.jpg,1,1
186283,186284.jpg,1,1
186388,186389.jpg,1,1
186437,186438.jpg,1,1
186558,186559.jpg,1,1
186705,186706.jpg,1,1
186708,186709.jpg,1,1
186722,186723.jpg,1,1
186859,186860.jpg,1,1
186978,186979.jpg,1,1
186979,186980.jpg,1,1
186983,186984.jpg,1,1
187039,187040.jpg,1,1
187043,187044.jpg,1,1
187084,187085.jpg,1,1
187090,187091.jpg,1,1
187251,187252.jpg,1,1
187378,187379.jpg,1,1
187486,187487.jpg,1,1
187511,187512.jpg,1,1
187564,187565.jpg,1,1
187633,187634.jpg,1,1
187651,187652.jpg,1,1
187735,187736.jpg,1,1
187736,187737.jpg,1,1
187794,187795.jpg,1,1
187827,187828.jpg,1,1
187908,187909.jpg,1,1
187919,187920.jpg,1,1
188152,188153.jpg,1,1
188181,188182.jpg,1,1
188227,188228.jpg,1,1
188245,188246.jpg,1,1
188301,188302.jpg,1,1
188381,188382.jpg,1,1
188400,188401.jpg,1,1
188413,188414.jpg,1,1
188416,188417.jpg,1,1
188474,188475.jpg,1,1
188520,188521.jpg,1,1
188552,188553.jpg,1,1
188654,188655.jpg,1,1
188691,188692.jpg,1,1
188713,188714.jpg,1,1
188847,188848.jpg,1,1
189005,189006.jpg,1,1
189023,189024.jpg,1,1
189046,189047.jpg,1,1
189102,189103.jpg,1,1
189145,189146.jpg,1,1
189156,189157.jpg,1,1
189325,189326.jpg,1,1
189356,189357.jpg,1,1
189367,189368.jpg,1,1
189394,189395.jpg,1,1
189462,189463.jpg,1,1
189531,189532.jpg,1,1
189580,189581.jpg,1,1
189719,189720.jpg,1,1
189764,189765.jpg,1,1
189778,189779.jpg,1,1
189987,189988.jpg,1,1
190050,190051.jpg,1,1
190066,190067.jpg,1,1
190074,190075.jpg,1,1
190086,190087.jpg,1,1
190099,190100.jpg,1,1
190138,190139.jpg,1,1
190200,190201.jpg,1,1
190238,190239.jpg,1,1
190246,190247.jpg,1,1
190262,190263.jpg,1,1
190286,190287.jpg,1,1
190428,190429.jpg,1,1
190450,190451.jpg,1,1
190513,190514.jpg,1,1
190556,190557.jpg,1,1
190566,190567.jpg,1,1
190630,190631.jpg,1,1
190703,190704.jpg,1,1
190747,190748.jpg,1,1
190776,190777.jpg,1,1
190777,190778.jpg,1,1
190912,190913.jpg,1,1
191063,191064.jpg,1,1
191140,191141.jpg,1,1
191189,191190.jpg,1,1
191218,191219.jpg,1,1
191226,191227.jpg,1,1
191236,191237.jpg,1,1
191276,191277.jpg,1,1
191401,191402.jpg,1,1
191562,191563.jpg,1,1
191698,191699.jpg,1,1
191730,191731.jpg,1,1
191809,191810.jpg,1,1
191853,191854.jpg,1,1
191986,191987.jpg,1,1
192104,192105.jpg,1,1
192154,192155.jpg,1,1
192176,192177.jpg,1,1
192186,192187.jpg,1,1
192307,192308.jpg,1,1
192437,192438.jpg,1,1
192515,192516.jpg,1,1
192592,192593.jpg,1,1
192667,192668.jpg,1,1
192705,192706.jpg,1,1
192728,192729.jpg,1,1
192799,192800.jpg,1,1
192941,192942.jpg,1,1
193007,193008.jpg,1,1
193261,193262.jpg,1,1
193333,193334.jpg,1,1
193367,193368.jpg,1,1
193368,193369.jpg,1,1
193375,193376.jpg,1,1
193413,193414.jpg,1,1
193452,193453.jpg,1,1
193502,193503.jpg,1,1
193565,193566.jpg,1,1
193664,193665.jpg,1,1
193666,193667.jpg,1,1
193731,193732.jpg,1,1
193771,193772.jpg,1,1
193808,193809.jpg,1,1
193863,193864.jpg,1,1
193956,193957.jpg,1,1
193991,193992.jpg,1,1
194089,194090.jpg,1,1
194124,194125.jpg,1,1
194146,194147.jpg,1,1
194187,194188.jpg,1,1
194210,194211.jpg,1,1
194310,194311.jpg,1,1
194327,194328.jpg,1,1
194363,194364.jpg,1,1
194371,194372.jpg,1,1
194479,194480.jpg,1,1
194513,194514.jpg,1,1
194553,194554.jpg,1,1
194601,194602.jpg,1,1
194623,194624.jpg,1,1
194707,194708.jpg,1,1
194776,194777.jpg,1,1
194794,194795.jpg,1,1
194934,194935.jpg,1,1
195206,195207.jpg,1,1
195226,195227.jpg,1,1
195284,195285.jpg,1,1
195341,195342.jpg,1,1
195351,195352.jpg,1,1
195399,195400.jpg,1,1
195451,195452.jpg,1,1
195532,195533.jpg,1,1
195538,195539.jpg,1,1
195559,195560.jpg,1,1
195628,195629.jpg,1,1
195634,195635.jpg,1,1
195759,195760.jpg,1,1
195892,195893.jpg,1,1
196024,196025.jpg,1,1
196062,196063.jpg,1,1
196174,196175.jpg,1,1
196247,196248.jpg,1,1
196299,196300.jpg,1,1
196348,196349.jpg,1,1
196375,196376.jpg,1,1
196408,196409.jpg,1,1
196533,196534.jpg,1,1
196584,196585.jpg,1,1
196632,196633.jpg,1,1
196737,196738.jpg,1,1
196998,196999.jpg,1,1
197053,197054.jpg,1,1
197095,197096.jpg,1,1
197116,197117.jpg,1,1
197290,197291.jpg,1,1
197310,197311.jpg,1,1
197480,197481.jpg,1,1
197503,197504.jpg,1,1
197658,197659.jpg,1,1
197713,197714.jpg,1,1
197759,197760.jpg,1,1
197803,197804.jpg,1,1
197897,197898.jpg,1,1
197931,197932.jpg,1,1
198021,198022.jpg,1,1
198039,198040.jpg,1,1
198057,198058.jpg,1,1
198058,198059.jpg,1,1
198077,198078.jpg,1,1
198110,198111.jpg,1,1
198111,198112.jpg,1,1
198112,198113.jpg,1,1
198352,198353.jpg,1,1
198387,198388.jpg,1,1
198396,198397.jpg,1,1
198434,198435.jpg,1,1
198589,198590.jpg,1,1
198604,198605.jpg,1,1
198662,198663.jpg,1,1
198667,198668.jpg,1,1
198730,198731.jpg,1,1
198762,198763.jpg,1,1
198897,198898.jpg,1,1
198949,198950.jpg,1,1
199009,199010.jpg,1,1
199039,199040.jpg,1,1
199041,199042.jpg,1,1
199174,199175.jpg,1,1
199203,199204.jpg,1,1
199214,199215.jpg,1,1
199256,199257.jpg,1,1
199399,199400.jpg,1,1
199460,199461.jpg,1,1
199487,199488.jpg,1,1
199574,199575.jpg,1,1
199834,199835.jpg,1,1
199852,199853.jpg,1,1
199886,199887.jpg,1,1
200034,200035.jpg,1,1
200173,200174.jpg,1,1
200177,200178.jpg,1,1
200180,200181.jpg,1,1
200193,200194.jpg,1,1
200221,200222.jpg,1,1
200395,200396.jpg,1,1
200403,200404.jpg,1,1
200454,200455.jpg,1,1
200470,200471.jpg,1,1
200544,200545.jpg,1,1
200554,200555.jpg,1,1
200567,200568.jpg,1,1
200597,200598.jpg,1,1
200713,200714.jpg,1,1
200821,200822.jpg,1,1
200880,200881.jpg,1,1
200900,200901.jpg,1,1
200928,200929.jpg,1,1
200953,200954.jpg,1,1
200962,200963.jpg,1,1
201037,201038.jpg,1,1
201045,201046.jpg,1,1
201054,201055.jpg,1,1
201096,201097.jpg,1,1
201112,201113.jpg,1,1
201175,201176.jpg,1,1
201177,201178.jpg,1,1
201192,201193.jpg,1,1
201254,201255.jpg,1,1
201270,201271.jpg,1,1
201448,201449.jpg,1,1
201522,201523.jpg,1,1
201599,201600.jpg,1,1
201686,201687.jpg,1,1
201719,201720.jpg,1,1
201723,201724.jpg,1,1
201756,201757.jpg,1,1
201850,201851.jpg,1,1
201865,201866.jpg,1,1
201891,201892.jpg,1,1
202020,202021.jpg,1,1
202180,202181.jpg,1,1
202188,202189.jpg,1,1
202218,202219.jpg,1,1
202224,202225.jpg,1,1
202241,202242.jpg,1,1
202246,202247.jpg,1,1
202276,202277.jpg,1,1
202340,202341.jpg,1,1
202342,202343.jpg,1,1
202375,202376.jpg,1,1
202415,202416.jpg,1,1
202458,202459.jpg,1,1
202503,202504.jpg,1,1
202524,202525.jpg,1,1
